year,month,day,nao_index_cdas
1999,11,1,0.661000013
1999,11,2,0.722000003
1999,11,3,0.564999998
1999,11,4,0.500999987
1999,11,5,0.745000005
1999,11,6,1.059000015
1999,11,7,0.671000004
1999,11,8,0.239999995
1999,11,9,-0.052999999
1999,11,10,-0.229000002
1999,11,11,-0.144999996
1999,11,12,-0.057999998
1999,11,13,0.143000007
1999,11,14,0.172999993
1999,11,15,-0.135000005
1999,11,16,-0.615999997
1999,11,17,-0.425000012
1999,11,18,-0.128000006
1999,11,19,0.43900001
1999,11,20,0.930000007
1999,11,21,0.737999976
1999,11,22,0.456
1999,11,23,0.501999974
1999,11,24,0.303000003
1999,11,25,0.282999992
1999,11,26,0.549000025
1999,11,27,0.785000026
1999,11,28,1.077999949
1999,11,29,1.659999967
1999,11,30,1.743999958
1999,12,1,2.296000004
1999,12,2,2.059000015
1999,12,3,1.675999999
1999,12,4,1.52699995
1999,12,5,1.488000035
1999,12,6,1.674000025
1999,12,7,1.822000027
1999,12,8,1.636999965
1999,12,9,1.361999989
1999,12,10,1.317000031
1999,12,11,1.340999961
1999,12,12,1.095999956
1999,12,13,0.757000029
1999,12,14,0.563000023
1999,12,15,0.275000006
1999,12,16,0.111000001
1999,12,17,0.368000001
1999,12,18,0.407999992
1999,12,19,-0.056000002
1999,12,20,-0.476000011
1999,12,21,-0.66900003
1999,12,22,-0.428000003
1999,12,23,0.270000011
1999,12,24,0.70599997
1999,12,25,1.105000019
1999,12,26,1.330000043
1999,12,27,0.907000005
1999,12,28,0.344999999
1999,12,29,0.303000003
1999,12,30,0.519999981
1999,12,31,0.95599997
2000,1,1,1.06099999
2000,1,2,1.154000044
2000,1,3,1.330000043
2000,1,4,1.360000014
2000,1,5,0.995000005
2000,1,6,1.199000001
2000,1,7,1.476999998
2000,1,8,1.348999977
2000,1,9,0.963
2000,1,10,0.847000003
2000,1,11,0.816999972
2000,1,12,0.74000001
2000,1,13,0.449999988
2000,1,14,0.354999989
2000,1,15,0.228
2000,1,16,-0.112999998
2000,1,17,-0.653999984
2000,1,18,-0.753000021
2000,1,19,-0.72299999
2000,1,20,-0.662
2000,1,21,-0.675999999
2000,1,22,-0.822000027
2000,1,23,-0.670000017
2000,1,24,-0.5
2000,1,25,-0.528999984
2000,1,26,-0.52700001
2000,1,27,-0.296000004
2000,1,28,0.165999994
2000,1,29,0.477999985
2000,1,30,0.504999995
2000,1,31,0.263000011
2000,2,1,0.150999993
2000,2,2,0.075000003
2000,2,3,0.143999994
2000,2,4,0.561999977
2000,2,5,1.13499999
2000,2,6,1.457999945
2000,2,7,1.652999997
2000,2,8,1.751999974
2000,2,9,1.720000029
2000,2,10,1.621999979
2000,2,11,1.470000029
2000,2,12,1.412999988
2000,2,13,1.432999969
2000,2,14,1.661999941
2000,2,15,1.552000046
2000,2,16,1.236999989
2000,2,17,0.972000003
2000,2,18,0.765999973
2000,2,19,0.799000025
2000,2,20,1.02699995
2000,2,21,1.105000019
2000,2,22,1.23300004
2000,2,23,1.324000001
2000,2,24,1.156999946
2000,2,25,0.823000014
2000,2,26,0.736999989
2000,2,27,1.036999941
2000,2,28,1.07099998
2000,2,29,0.67900002
2000,3,1,0.722000003
2000,3,2,0.691999972
2000,3,3,0.565999985
2000,3,4,0.455000013
2000,3,5,0.363000005
2000,3,6,0.395999998
2000,3,7,0.587000012
2000,3,8,0.721000016
2000,3,9,0.943000019
2000,3,10,1.144000053
2000,3,11,1.202000022
2000,3,12,1.139000058
2000,3,13,1.246999979
2000,3,14,1.054999948
2000,3,15,0.922999978
2000,3,16,1.042000055
2000,3,17,1.256000042
2000,3,18,1.297999978
2000,3,19,1.008999944
2000,3,20,0.526000023
2000,3,21,0.474000007
2000,3,22,0.56099999
2000,3,23,0.416999996
2000,3,24,-0.039000001
2000,3,25,-0.263000011
2000,3,26,-0.405000001
2000,3,27,-0.799000025
2000,3,28,-0.973999977
2000,3,29,-0.91900003
2000,3,30,-0.898000002
2000,3,31,-0.841000021
2000,11,1,-0.518000007
2000,11,2,-0.755999982
2000,11,3,-0.58099997
2000,11,4,-0.688000023
2000,11,5,-1.256999969
2000,11,6,-1.411999941
2000,11,7,-1.111999989
2000,11,8,-0.734000027
2000,11,9,-0.575999975
2000,11,10,-0.412
2000,11,11,-0.448000014
2000,11,12,-0.559000015
2000,11,13,-0.072999999
2000,11,14,0.52700001
2000,11,15,0.558000028
2000,11,16,0.310000002
2000,11,17,0.229000002
2000,11,18,0.368000001
2000,11,19,0.107000001
2000,11,20,-0.030999999
2000,11,21,-0.349000007
2000,11,22,-0.497999996
2000,11,23,-0.524999976
2000,11,24,-0.437000006
2000,11,25,-0.538999975
2000,11,26,-0.825999975
2000,11,27,-1.215999961
2000,11,28,-1.169999957
2000,11,29,-0.861000001
2000,11,30,-0.702000022
2000,12,1,-0.739000022
2000,12,2,-0.656000018
2000,12,3,-0.699999988
2000,12,4,-1.01699996
2000,12,5,-1.389999986
2000,12,6,-1.465000033
2000,12,7,-1.657999992
2000,12,8,-1.269999981
2000,12,9,-0.574000001
2000,12,10,0.272000015
2000,12,11,0.699000001
2000,12,12,0.897000015
2000,12,13,0.824000001
2000,12,14,0.920000017
2000,12,15,0.703000009
2000,12,16,0.458000004
2000,12,17,0.136999995
2000,12,18,-0.349999994
2000,12,19,-0.606000006
2000,12,20,-0.674000025
2000,12,21,-1.072999954
2000,12,22,-1.172000051
2000,12,23,-1.226999998
2000,12,24,-1.184999943
2000,12,25,-1.059000015
2000,12,26,-0.926999986
2000,12,27,-0.921000004
2000,12,28,-0.845000029
2000,12,29,-0.657999992
2000,12,30,-0.537
2000,12,31,-0.352999985
2001,1,1,-0.023
2001,1,2,0.460999995
2001,1,3,0.25999999
2001,1,4,0.071000002
2001,1,5,0.046
2001,1,6,0.077
2001,1,7,-0.028999999
2001,1,8,-0.243000001
2001,1,9,-0.419999987
2001,1,10,-0.488999993
2001,1,11,-0.535000026
2001,1,12,-0.437999994
2001,1,13,-0.162
2001,1,14,0.180000007
2001,1,15,0.214000002
2001,1,16,0.186000004
2001,1,17,0.143000007
2001,1,18,0.142000005
2001,1,19,0.241999999
2001,1,20,0.518999994
2001,1,21,0.713999987
2001,1,22,0.824999988
2001,1,23,0.832000017
2001,1,24,0.708000004
2001,1,25,0.797999978
2001,1,26,0.61500001
2001,1,27,0.229000002
2001,1,28,0.059999999
2001,1,29,0.046
2001,1,30,-0.187000006
2001,1,31,-0.122000001
2001,2,1,0.052999999
2001,2,2,0.226999998
2001,2,3,0.152999997
2001,2,4,0.252999991
2001,2,5,0.165000007
2001,2,6,-0.029999999
2001,2,7,0.048
2001,2,8,0.02
2001,2,9,0.148000002
2001,2,10,0.448000014
2001,2,11,0.790000021
2001,2,12,0.975000024
2001,2,13,0.883000016
2001,2,14,0.742999971
2001,2,15,0.674000025
2001,2,16,0.822000027
2001,2,17,0.972000003
2001,2,18,1.19599998
2001,2,19,1.332000017
2001,2,20,1.325000048
2001,2,21,1.131999969
2001,2,22,0.663999975
2001,2,23,0.308999985
2001,2,24,0.034000002
2001,2,25,-0.194000006
2001,2,26,-0.136999995
2001,2,27,-0.317000002
2001,2,28,-0.802999973
2001,3,1,-1.496000051
2001,3,2,-1.547000051
2001,3,3,-1.52699995
2001,3,4,-1.192000031
2001,3,5,-0.708999991
2001,3,6,-0.598999977
2001,3,7,-0.486999989
2001,3,8,-0.225999996
2001,3,9,-0.046
2001,3,10,-0.059
2001,3,11,-0.248999998
2001,3,12,-0.166999996
2001,3,13,-0.046
2001,3,14,-0.097000003
2001,3,15,-0.35800001
2001,3,16,-0.573000014
2001,3,17,-0.596000016
2001,3,18,-0.603999972
2001,3,19,-0.683000028
2001,3,20,-0.648000002
2001,3,21,-0.317000002
2001,3,22,-0.108000003
2001,3,23,0.034000002
2001,3,24,0.002
2001,3,25,-0.169
2001,3,26,-0.375
2001,3,27,-0.437999994
2001,3,28,-0.467999995
2001,3,29,-0.5
2001,3,30,-0.379000008
2001,3,31,-0.363999993
2001,4,1,-0.765999973
2001,11,1,0.643000007
2001,11,2,0.741999984
2001,11,3,0.214000002
2001,11,4,-0.287
2001,11,5,-0.564999998
2001,11,6,-0.67900002
2001,11,7,-0.419
2001,11,8,-0.202999994
2001,11,9,0.510999978
2001,11,10,0.592999995
2001,11,11,0.050999999
2001,11,12,-0.497000009
2001,11,13,-0.546000004
2001,11,14,-0.342999995
2001,11,15,-0.063000001
2001,11,16,0.361000001
2001,11,17,0.416999996
2001,11,18,0.470999986
2001,11,19,0.550000012
2001,11,20,0.625999987
2001,11,21,0.495999992
2001,11,22,0.592999995
2001,11,23,0.938000023
2001,11,24,1.166000009
2001,11,25,1.549999952
2001,11,26,1.52699995
2001,11,27,1.141000032
2001,11,28,1.197000027
2001,11,29,1.496000051
2001,11,30,1.557999969
2001,12,1,1.748000026
2001,12,2,1.549999952
2001,12,3,1.414000034
2001,12,4,1.361999989
2001,12,5,1.664999962
2001,12,6,1.169999957
2001,12,7,0.407000005
2001,12,8,-0.023
2001,12,9,-0.711000025
2001,12,10,-1.212000012
2001,12,11,-1.200000048
2001,12,12,-1.02699995
2001,12,13,-1.406000018
2001,12,14,-1.539000034
2001,12,15,-1.361999989
2001,12,16,-1.315000057
2001,12,17,-1.31099999
2001,12,18,-1.049000025
2001,12,19,-0.860000014
2001,12,20,-0.843999982
2001,12,21,-0.931999981
2001,12,22,-1.087000012
2001,12,23,-1.338999987
2001,12,24,-1.217000008
2001,12,25,-0.813000023
2001,12,26,-0.505999982
2001,12,27,-0.611999989
2001,12,28,-0.736000001
2001,12,29,-0.814999998
2001,12,30,-0.851999998
2001,12,31,-0.781000018
2002,1,1,-0.630999982
2002,1,2,-0.515999973
2002,1,3,-0.537
2002,1,4,-0.425999999
2002,1,5,0.094999999
2002,1,6,0.423999995
2002,1,7,0.578999996
2002,1,8,0.646000028
2002,1,9,0.814999998
2002,1,10,0.782999992
2002,1,11,0.606000006
2002,1,12,0.472000003
2002,1,13,0.428000003
2002,1,14,0.386999995
2002,1,15,0.430000007
2002,1,16,0.59799999
2002,1,17,0.44600001
2002,1,18,0.230000004
2002,1,19,-0.104999997
2002,1,20,-0.308999985
2002,1,21,-0.347000003
2002,1,22,-0.186000004
2002,1,23,-0.40200001
2002,1,24,-0.231000006
2002,1,25,0.179000005
2002,1,26,0.411000013
2002,1,27,0.307999998
2002,1,28,0.361999989
2002,1,29,0.328999996
2002,1,30,0.388999999
2002,1,31,0.374000013
2002,2,1,0.162
2002,2,2,0.414999992
2002,2,3,0.680000007
2002,2,4,0.79400003
2002,2,5,0.717999995
2002,2,6,0.486999989
2002,2,7,0.707000017
2002,2,8,0.855000019
2002,2,9,0.837000012
2002,2,10,0.637000024
2002,2,11,0.693000019
2002,2,12,0.625
2002,2,13,0.651000023
2002,2,14,0.796999991
2002,2,15,1.018000007
2002,2,16,1.034999967
2002,2,17,0.746999979
2002,2,18,0.470999986
2002,2,19,0.612999976
2002,2,20,0.63499999
2002,2,21,0.915000021
2002,2,22,0.964999974
2002,2,23,0.773999989
2002,2,24,0.930000007
2002,2,25,1.19599998
2002,2,26,1.100999951
2002,2,27,0.782999992
2002,2,28,0.307000011
2002,3,1,0.136999995
2002,3,2,0.39199999
2002,3,3,0.648000002
2002,3,4,0.850000024
2002,3,5,1.133000016
2002,3,6,1.213999987
2002,3,7,1.069000006
2002,3,8,0.95599997
2002,3,9,0.98299998
2002,3,10,0.843999982
2002,3,11,0.472000003
2002,3,12,0.52700001
2002,3,13,0.574000001
2002,3,14,0.305999994
2002,3,15,-0.028999999
2002,3,16,-0.067000002
2002,3,17,-0.291000009
2002,3,18,-0.442000002
2002,3,19,-0.126000002
2002,3,20,0.108000003
2002,3,21,0.354999989
2002,3,22,0.134000003
2002,3,23,-0.171000004
2002,3,24,0.086999997
2002,3,25,0.561999977
2002,3,26,0.865999997
2002,3,27,0.796999991
2002,3,28,0.648999989
2002,3,29,0.5
2002,3,30,0.652999997
2002,3,31,0.753000021
2002,4,1,0.654999971
2002,11,1,0.105999999
2002,11,2,0.125
2002,11,3,0.185000002
2002,11,4,0.247999996
2002,11,5,0.458000004
2002,11,6,0.187000006
2002,11,7,-0.492000014
2002,11,8,-0.612999976
2002,11,9,-0.556999981
2002,11,10,-0.50999999
2002,11,11,-0.800000012
2002,11,12,-0.762000024
2002,11,13,-0.575999975
2002,11,14,-0.363999993
2002,11,15,0.119999997
2002,11,16,0.573000014
2002,11,17,0.59799999
2002,11,18,0.340999991
2002,11,19,0.287
2002,11,20,-0.097999997
2002,11,21,-0.639999986
2002,11,22,-0.984000027
2002,11,23,-1.024999976
2002,11,24,-0.708000004
2002,11,25,-0.389999986
2002,11,26,-0.158999994
2002,11,27,-0.186000004
2002,11,28,-0.377000004
2002,11,29,-0.538999975
2002,11,30,-0.340000004
2002,12,1,-1.38499999
2002,12,2,-1.062999964
2002,12,3,-0.564999998
2002,12,4,-0.351000011
2002,12,5,-0.479000002
2002,12,6,-0.684000015
2002,12,7,-0.805999994
2002,12,8,-1.203999996
2002,12,9,-1.57099998
2002,12,10,-1.585000038
2002,12,11,-1.475000024
2002,12,12,-1.35800004
2002,12,13,-1.131999969
2002,12,14,-0.69599998
2002,12,15,-0.488000005
2002,12,16,-0.370000005
2002,12,17,-0.268000007
2002,12,18,-0.294999987
2002,12,19,-0.347000003
2002,12,20,-0.331
2002,12,21,-0.335999995
2002,12,22,-0.354999989
2002,12,23,-0.185000002
2002,12,24,-0.077
2002,12,25,-0.147
2002,12,26,-0.050999999
2002,12,27,0.029999999
2002,12,28,-0.018999999
2002,12,29,0.016000001
2002,12,30,-0.129999995
2002,12,31,0.027000001
2003,1,1,-0.289999992
2003,1,2,-0.050000001
2003,1,3,-0.115000002
2003,1,4,-0.141000003
2003,1,5,-0.419
2003,1,6,-0.698000014
2003,1,7,-0.773000002
2003,1,8,-1.024999976
2003,1,9,-1.09800005
2003,1,10,-0.921999991
2003,1,11,-0.638999999
2003,1,12,-0.207000002
2003,1,13,0.221000001
2003,1,14,0.518000007
2003,1,15,0.54400003
2003,1,16,0.481000006
2003,1,17,0.421000004
2003,1,18,0.294999987
2003,1,19,0.216999993
2003,1,20,-0.043000001
2003,1,21,-0.136000007
2003,1,22,0.048999999
2003,1,23,0.512000024
2003,1,24,0.805999994
2003,1,25,0.864000022
2003,1,26,0.992999971
2003,1,27,1.105999947
2003,1,28,0.537999988
2003,1,29,0.115999997
2003,1,30,0.536000013
2003,1,31,0.925999999
2003,2,1,0.84799999
2003,2,2,0.352999985
2003,2,3,0.007
2003,2,4,-0.009
2003,2,5,0.279000014
2003,2,6,0.782999992
2003,2,7,1.309999943
2003,2,8,1.434000015
2003,2,9,1.139000058
2003,2,10,0.924000025
2003,2,11,0.772000015
2003,2,12,0.77700001
2003,2,13,0.796999991
2003,2,14,0.730000019
2003,2,15,0.653999984
2003,2,16,0.836000025
2003,2,17,0.957000017
2003,2,18,0.717999995
2003,2,19,0.48300001
2003,2,20,0.301999986
2003,2,21,0.152999997
2003,2,22,-0.075000003
2003,2,23,-0.111000001
2003,2,24,0.039000001
2003,2,25,0.125
2003,2,26,0.017000001
2003,2,27,-0.152999997
2003,2,28,-0.082000002
2003,3,1,0.090999998
2003,3,2,0.203999996
2003,3,3,0.081
2003,3,4,-0.151999995
2003,3,5,-0.128000006
2003,3,6,0
2003,3,7,0.186000004
2003,3,8,0.393000007
2003,3,9,0.575999975
2003,3,10,0.541000009
2003,3,11,0.70599997
2003,3,12,0.935000002
2003,3,13,0.994000018
2003,3,14,0.55400002
2003,3,15,0.179000005
2003,3,16,0.043000001
2003,3,17,-0.153999999
2003,3,18,-0.330000013
2003,3,19,-0.296000004
2003,3,20,0.187999994
2003,3,21,0.644999981
2003,3,22,0.737999976
2003,3,23,0.654999971
2003,3,24,0.600000024
2003,3,25,0.81400001
2003,3,26,0.768000007
2003,3,27,0.432000011
2003,3,28,0.308999985
2003,3,29,0.507000029
2003,3,30,0.768999994
2003,3,31,0.968999982
2003,4,1,0.721000016
2003,11,1,0.656000018
2003,11,2,0.64200002
2003,11,3,0.589999974
2003,11,4,0.828999996
2003,11,5,0.855000019
2003,11,6,1.01699996
2003,11,7,1.230000019
2003,11,8,1.154999971
2003,11,9,0.816999972
2003,11,10,0.772000015
2003,11,11,0.670000017
2003,11,12,0.286000013
2003,11,13,0.083999999
2003,11,14,-0.340000004
2003,11,15,-0.526000023
2003,11,16,-0.071000002
2003,11,17,0.178000003
2003,11,18,-0.02
2003,11,19,0.015
2003,11,20,0.136000007
2003,11,21,0.286000013
2003,11,22,0.307999998
2003,11,23,0.349000007
2003,11,24,0.43599999
2003,11,25,0.01
2003,11,26,-0.256000012
2003,11,27,0.293000013
2003,11,28,0.552999973
2003,11,29,0.48300001
2003,11,30,0.270000011
2003,12,1,-0.119000003
2003,12,2,-0.017999999
2003,12,3,0.104999997
2003,12,4,-0.090999998
2003,12,5,-0.196999997
2003,12,6,-0.090000004
2003,12,7,-0.003
2003,12,8,-0.018999999
2003,12,9,0.143000007
2003,12,10,0.261999995
2003,12,11,0.216000006
2003,12,12,0.328999996
2003,12,13,0.690999985
2003,12,14,0.538999975
2003,12,15,-0.015
2003,12,16,-0.239999995
2003,12,17,-0.150000006
2003,12,18,-0.100000001
2003,12,19,-0.059
2003,12,20,-0.090999998
2003,12,21,0.143999994
2003,12,22,0.372000009
2003,12,23,0.748000026
2003,12,24,1.199000001
2003,12,25,1.149999976
2003,12,26,0.907999992
2003,12,27,0.783999979
2003,12,28,0.662
2003,12,29,0.451999992
2003,12,30,0.38499999
2003,12,31,0.247999996
2004,1,1,0.485000014
2004,1,2,0.423000008
2004,1,3,0.344999999
2004,1,4,0.303000003
2004,1,5,0.273000002
2004,1,6,0.331999987
2004,1,7,0.601999998
2004,1,8,0.712000012
2004,1,9,0.657000005
2004,1,10,0.513000011
2004,1,11,0.467000008
2004,1,12,0.689999998
2004,1,13,0.555000007
2004,1,14,0.033
2004,1,15,-0.426999986
2004,1,16,-0.573000014
2004,1,17,-0.666000009
2004,1,18,-0.574999988
2004,1,19,-0.541999996
2004,1,20,-0.582000017
2004,1,21,-0.386999995
2004,1,22,-0.143000007
2004,1,23,0.094999999
2004,1,24,-0.079999998
2004,1,25,-0.541000009
2004,1,26,-0.959999979
2004,1,27,-1.31099999
2004,1,28,-1.449000001
2004,1,29,-1.442999959
2004,1,30,-1.274000049
2004,1,31,-1.008999944
2004,2,1,-0.662999988
2004,2,2,-0.284999996
2004,2,3,-0.135000005
2004,2,4,-0.109999999
2004,2,5,0.026000001
2004,2,6,0.028999999
2004,2,7,-0.039000001
2004,2,8,-0.105999999
2004,2,9,-0.112000003
2004,2,10,0.028000001
2004,2,11,-0.005
2004,2,12,0.335999995
2004,2,13,0.587000012
2004,2,14,0.485000014
2004,2,15,0.634000003
2004,2,16,1.06099999
2004,2,17,1.190999985
2004,2,18,1.24000001
2004,2,19,0.787999988
2004,2,20,0.280999988
2004,2,21,-0.094999999
2004,2,22,-0.266000003
2004,2,23,-0.230000004
2004,2,24,-0.39199999
2004,2,25,-0.54400003
2004,2,26,-0.535000026
2004,2,27,-0.414999992
2004,2,28,-0.078000002
2004,2,29,0.048999999
2004,3,1,-0.021
2004,3,2,0.171000004
2004,3,3,0.361999989
2004,3,4,0.127000004
2004,3,5,-0.078000002
2004,3,6,0.108999997
2004,3,7,0.282999992
2004,3,8,0.35800001
2004,3,9,0.167999998
2004,3,10,0.209000006
2004,3,11,0.398000002
2004,3,12,0.254999995
2004,3,13,0.279000014
2004,3,14,0.515999973
2004,3,15,0.745000005
2004,3,16,0.744000018
2004,3,17,0.848999977
2004,3,18,1.080000043
2004,3,19,1.422999978
2004,3,20,1.845000029
2004,3,21,1.866000056
2004,3,22,1.409999967
2004,3,23,1.25
2004,3,24,1.126000047
2004,3,25,1.353000045
2004,3,26,1.613999963
2004,3,27,1.590999961
2004,3,28,1.098999977
2004,3,29,0.658999979
2004,3,30,0.32100001
2004,3,31,0.144999996
2004,11,1,0.230000004
2004,11,2,0.307000011
2004,11,3,0.532000005
2004,11,4,0.442999989
2004,11,5,0.423000008
2004,11,6,0.547999978
2004,11,7,0.671999991
2004,11,8,0.453999996
2004,11,9,0.273000002
2004,11,10,0.691999972
2004,11,11,0.922999978
2004,11,12,0.721000016
2004,11,13,0.795000017
2004,11,14,0.66900003
2004,11,15,0.356999993
2004,11,16,0.083999999
2004,11,17,-0.003
2004,11,18,0.022
2004,11,19,-0.185000002
2004,11,20,-0.492000014
2004,11,21,-0.226999998
2004,11,22,0.173999995
2004,11,23,0.238999993
2004,11,24,0.257999986
2004,11,25,0.180999994
2004,11,26,0.284999996
2004,11,27,0.485000014
2004,11,28,0.65200001
2004,11,29,0.637000024
2004,11,30,0.751999974
2004,12,1,-0.064000003
2004,12,2,-0.071000002
2004,12,3,-0.237000003
2004,12,4,-0.07
2004,12,5,0.573000014
2004,12,6,1.008000016
2004,12,7,0.907999992
2004,12,8,0.603999972
2004,12,9,0.319000006
2004,12,10,0.282000005
2004,12,11,0.022
2004,12,12,-0.488999993
2004,12,13,-0.123000003
2004,12,14,0.501999974
2004,12,15,0.773000002
2004,12,16,1.024000049
2004,12,17,1.100000024
2004,12,18,0.884000003
2004,12,19,0.683000028
2004,12,20,0.414000005
2004,12,21,0.398000002
2004,12,22,0.745000005
2004,12,23,1.144999981
2004,12,24,1.065000057
2004,12,25,0.602999985
2004,12,26,0.750999987
2004,12,27,1.246999979
2004,12,28,1.30400002
2004,12,29,1.437999964
2004,12,30,1.521000028
2004,12,31,1.26699996
2005,1,1,1.633000016
2005,1,2,1.343000054
2005,1,3,1.057999969
2005,1,4,1.414999962
2005,1,5,1.641000032
2005,1,6,1.529000044
2005,1,7,1.797999978
2005,1,8,1.927999973
2005,1,9,1.690000057
2005,1,10,1.383000016
2005,1,11,0.896000028
2005,1,12,0.566999972
2005,1,13,0.389999986
2005,1,14,0.479999989
2005,1,15,0.992999971
2005,1,16,1.600000024
2005,1,17,1.59800005
2005,1,18,1.146000028
2005,1,19,1.202999949
2005,1,20,1.116999984
2005,1,21,0.707000017
2005,1,22,0.261000007
2005,1,23,0.203999996
2005,1,24,0.261000007
2005,1,25,-0.035
2005,1,26,-0.187999994
2005,1,27,-0.086000003
2005,1,28,0.162
2005,1,29,-0.098999999
2005,1,30,-0.287999988
2005,1,31,-0.479000002
2005,2,1,-0.215000004
2005,2,2,0.342000008
2005,2,3,0.675000012
2005,2,4,0.875999987
2005,2,5,0.825999975
2005,2,6,0.853999972
2005,2,7,1.187999964
2005,2,8,1.368999958
2005,2,9,1.264000058
2005,2,10,1.097000003
2005,2,11,1.049000025
2005,2,12,0.654999971
2005,2,13,0.393999994
2005,2,14,0.51700002
2005,2,15,0.755999982
2005,2,16,0.700999975
2005,2,17,0.416999996
2005,2,18,0.218999997
2005,2,19,0.025
2005,2,20,-0.215000004
2005,2,21,-0.48300001
2005,2,22,-0.788999975
2005,2,23,-1.077000022
2005,2,24,-1.319000006
2005,2,25,-1.378999949
2005,2,26,-1.236999989
2005,2,27,-1.205000043
2005,2,28,-1.120000005
2005,3,1,-1.261000037
2005,3,2,-0.915000021
2005,3,3,-0.931999981
2005,3,4,-0.899999976
2005,3,5,-0.862999976
2005,3,6,-0.754999995
2005,3,7,-0.736999989
2005,3,8,-0.614000022
2005,3,9,-0.584999979
2005,3,10,-0.88499999
2005,3,11,-1.095999956
2005,3,12,-1.282999992
2005,3,13,-1.440000057
2005,3,14,-1.485999942
2005,3,15,-1.281999946
2005,3,16,-0.875
2005,3,17,-0.614000022
2005,3,18,-0.721000016
2005,3,19,-0.776000023
2005,3,20,-0.635999978
2005,3,21,-0.340999991
2005,3,22,-0.152999997
2005,3,23,-0.194999993
2005,3,24,-0.152999997
2005,3,25,-0.075999998
2005,3,26,0.025
2005,3,27,-0.030999999
2005,3,28,-0.323000014
2005,3,29,-0.423000008
2005,3,30,-0.437000006
2005,3,31,-0.395999998
2005,4,1,-0.455000013
2005,11,1,-0.204999998
2005,11,2,0.004
2005,11,3,0.268000007
2005,11,4,0.449000001
2005,11,5,0.200000003
2005,11,6,-0.033
2005,11,7,0.101999998
2005,11,8,0.323000014
2005,11,9,0.716000021
2005,11,10,0.797999978
2005,11,11,0.310000002
2005,11,12,0.201000005
2005,11,13,0.700999975
2005,11,14,0.537
2005,11,15,-0.068999998
2005,11,16,-0.195999995
2005,11,17,-0.179000005
2005,11,18,-0.028999999
2005,11,19,0.135000005
2005,11,20,0.67900002
2005,11,21,0.740999997
2005,11,22,0.289000005
2005,11,23,-0.486000001
2005,11,24,-1.575000048
2005,11,25,-2.180999994
2005,11,26,-1.89199996
2005,11,27,-1.629999995
2005,11,28,-1.319000006
2005,11,29,-0.823000014
2005,11,30,-0.307999998
2005,12,1,-0.160999998
2005,12,2,-0.573000014
2005,12,3,-0.619000018
2005,12,4,-0.691999972
2005,12,5,-0.832000017
2005,12,6,-0.921000004
2005,12,7,-0.801999986
2005,12,8,-0.566999972
2005,12,9,-0.414999992
2005,12,10,-0.451000005
2005,12,11,-0.391000003
2005,12,12,-0.486000001
2005,12,13,-0.510999978
2005,12,14,-0.550999999
2005,12,15,-0.405999988
2005,12,16,-0.209000006
2005,12,17,0.094999999
2005,12,18,0.558000028
2005,12,19,0.428000003
2005,12,20,0.138999999
2005,12,21,-0.035999998
2005,12,22,0
2005,12,23,0.179000005
2005,12,24,0.082000002
2005,12,25,-0.054000001
2005,12,26,-0.119000003
2005,12,27,-0.185000002
2005,12,28,-0.203999996
2005,12,29,0.054000001
2005,12,30,0.533999979
2005,12,31,0.620000005
2006,1,1,0.587000012
2006,1,2,0.785000026
2006,1,3,0.911000013
2006,1,4,0.89200002
2006,1,5,0.597000003
2006,1,6,0.308999985
2006,1,7,0.303000003
2006,1,8,0.551999986
2006,1,9,1.080000043
2006,1,10,1.539000034
2006,1,11,1.582000017
2006,1,12,1.437999964
2006,1,13,1.430999994
2006,1,14,1.478000045
2006,1,15,1.271999955
2006,1,16,1.027999997
2006,1,17,0.978999972
2006,1,18,1.082999945
2006,1,19,0.940999985
2006,1,20,0.768000007
2006,1,21,0.531000018
2006,1,22,0.470999986
2006,1,23,0.207000002
2006,1,24,-0.017000001
2006,1,25,-0.120999999
2006,1,26,-0.279000014
2006,1,27,-0.347000003
2006,1,28,-0.174999997
2006,1,29,-0.037
2006,1,30,0.194000006
2006,1,31,0.096000001
2006,2,1,-0.144999996
2006,2,2,-0.338999987
2006,2,3,-0.490999997
2006,2,4,-0.541000009
2006,2,5,-0.537
2006,2,6,-0.36500001
2006,2,7,-0.147
2006,2,8,-0.238000005
2006,2,9,-0.237000003
2006,2,10,-0.122000001
2006,2,11,0.136000007
2006,2,12,0.340999991
2006,2,13,0.540000021
2006,2,14,0.823000014
2006,2,15,1.023000002
2006,2,16,0.832000017
2006,2,17,0.649999976
2006,2,18,0.43900001
2006,2,19,0.25
2006,2,20,0.138999999
2006,2,21,0.098999999
2006,2,22,-0.252000004
2006,2,23,-0.540000021
2006,2,24,-0.851999998
2006,2,25,-1.152999997
2006,2,26,-1.274000049
2006,2,27,-1.360000014
2006,2,28,-1.197999954
2006,3,1,-1.251000047
2006,3,2,-1.261000037
2006,3,3,-1.195000052
2006,3,4,-0.791000009
2006,3,5,-0.215000004
2006,3,6,0.209999993
2006,3,7,0.289999992
2006,3,8,0.115000002
2006,3,9,-0.245000005
2006,3,10,-0.503000021
2006,3,11,-0.400999993
2006,3,12,-0.222000003
2006,3,13,0.004
2006,3,14,-0.050000001
2006,3,15,-0.368000001
2006,3,16,-0.628000021
2006,3,17,-0.818000019
2006,3,18,-1.078999996
2006,3,19,-1.152999997
2006,3,20,-1.235000014
2006,3,21,-1.228000045
2006,3,22,-0.978999972
2006,3,23,-0.741999984
2006,3,24,-0.66900003
2006,3,25,-0.568000019
2006,3,26,-0.560000002
2006,3,27,-0.603999972
2006,3,28,-0.60799998
2006,3,29,-0.666999996
2006,3,30,-0.638000011
2006,3,31,-0.416000009
2006,4,1,0.142000005
2006,11,1,-1.296876669
2006,11,2,-1.024461508
2006,11,3,-1.290198445
2006,11,4,0.098024718
2006,11,5,0.324762374
2006,11,6,0.316188902
2006,11,7,0.590614557
2006,11,8,0.843854129
2006,11,9,0.770880461
2006,11,10,0.771281123
2006,11,11,0.515489161
2006,11,12,0.500520408
2006,11,13,0.101289622
2006,11,14,-0.503342688
2006,11,15,-0.911640227
2006,11,16,-0.703933358
2006,11,17,-0.278509051
2006,11,18,0.192529887
2006,11,19,0.191736326
2006,11,20,-0.155986175
2006,11,21,0.323716551
2006,11,22,0.616341352
2006,11,23,0.438269287
2006,11,24,0.092054471
2006,11,25,0.37958619
2006,11,26,0.848306656
2006,11,27,1.060176134
2006,11,28,1.091156363
2006,11,29,1.075728178
2006,11,30,1.236793995
2006,12,1,0.575367332
2006,12,2,0.455691516
2006,12,3,0.290674388
2006,12,4,0.283652782
2006,12,5,0.426097751
2006,12,6,0.74596715
2006,12,7,0.907262146
2006,12,8,0.803056896
2006,12,9,0.952001691
2006,12,10,1.771680117
2006,12,11,2.079963684
2006,12,12,1.893345833
2006,12,13,1.503658772
2006,12,14,1.363927484
2006,12,15,1.235720277
2006,12,16,0.889667392
2006,12,17,0.561192513
2006,12,18,0.204606161
2006,12,19,-0.134424657
2006,12,20,-0.207507268
2006,12,21,0.119887225
2006,12,22,0.109734468
2006,12,23,-0.273300618
2006,12,24,-0.636161506
2006,12,25,-0.3721129
2006,12,26,-0.132784769
2006,12,27,-0.002247921
2006,12,28,0.109976687
2006,12,29,0.505529165
2006,12,30,0.997184634
2006,12,31,1.225954056
2007,1,1,0.798436284
2007,1,2,0.430586696
2007,1,3,0.581216931
2007,1,4,0.61868453
2007,1,5,0.505936146
2007,1,6,0.704562128
2007,1,7,0.949937165
2007,1,8,0.977796793
2007,1,9,0.952210903
2007,1,10,1.252872467
2007,1,11,1.334370732
2007,1,12,1.310976982
2007,1,13,1.191419959
2007,1,14,1.08977437
2007,1,15,0.954690933
2007,1,16,0.853236437
2007,1,17,0.760762811
2007,1,18,0.558706522
2007,1,19,0.25452736
2007,1,20,-0.106818885
2007,1,21,-0.727845192
2007,1,22,-1.17253077
2007,1,23,-1.362902641
2007,1,24,-1.395561695
2007,1,25,-1.461943388
2007,1,26,
2007,1,27,-1.374605536
2007,1,28,-0.964146316
2007,1,29,-0.396585852
2007,1,30,-0.045036893
2007,1,31,-0.0404297
2007,2,1,-0.142787874
2007,2,2,-0.267139226
2007,2,3,-0.170189694
2007,2,4,-0.103777386
2007,2,5,0.161725923
2007,2,6,0.261795819
2007,2,7,0.121337451
2007,2,8,0.066172473
2007,2,9,-0.047882199
2007,2,10,-0.158592895
2007,2,11,-0.12387643
2007,2,12,-0.098500833
2007,2,13,-0.134728298
2007,2,14,-0.090877965
2007,2,15,-0.07800699
2007,2,16,0.157125294
2007,2,17,0.325250447
2007,2,18,0.143798456
2007,2,19,-0.353803784
2007,2,20,-0.456500858
2007,2,21,-0.247967198
2007,2,22,-0.244815603
2007,2,23,-0.377097249
2007,2,24,-0.546716988
2007,2,25,-0.477692008
2007,2,26,-0.305838943
2007,2,27,0.020129807
2007,2,28,0.101549037
2007,3,1,0.077500746
2007,3,2,0.167684689
2007,3,3,0.524753034
2007,3,4,0.883237243
2007,3,5,0.922642767
2007,3,6,0.738148093
2007,3,7,0.462158382
2007,3,8,0.621359289
2007,3,9,0.927832484
2007,3,10,1.120741963
2007,3,11,1.456329703
2007,3,12,1.545289636
2007,3,13,1.486432433
2007,3,14,1.591239929
2007,3,15,1.749958992
2007,3,16,1.679577708
2007,3,17,1.498465657
2007,3,18,0.952526152
2007,3,19,0.735788345
2007,3,20,0.944305956
2007,3,21,0.979611576
2007,3,22,1.073018074
2007,3,23,1.175754428
2007,3,24,1.200441122
2007,3,25,0.749013662
2007,3,26,0.390740871
2007,3,27,0.286966205
2007,3,28,0.010827509
2007,3,29,0.09072528
2007,3,30,0.413428962
2007,3,31,0.309666902
2007,4,1,-0.123983301
2007,11,1,0.474369198
2007,11,2,0.777612567
2007,11,3,1.233232379
2007,11,4,1.275275826
2007,11,5,1.047789574
2007,11,6,0.756698608
2007,11,7,0.323711902
2007,11,8,-0.092160471
2007,11,9,-0.289355367
2007,11,10,-0.379878223
2007,11,11,-0.406628788
2007,11,12,-0.311068743
2007,11,13,-0.401504219
2007,11,14,-0.357812434
2007,11,15,-0.177404046
2007,11,16,-0.507681847
2007,11,17,-0.732479155
2007,11,18,-0.589895248
2007,11,19,-0.233028904
2007,11,20,-0.104023673
2007,11,21,0.078149185
2007,11,22,0.416905224
2007,11,23,0.498312712
2007,11,24,0.498984456
2007,11,25,0.612601221
2007,11,26,0.912534237
2007,11,27,1.307967424
2007,11,28,1.571526408
2007,11,29,1.969766021
2007,11,30,1.754060388
2007,12,1,0.189136043
2007,12,2,0.36896494
2007,12,3,0.429558665
2007,12,4,0.944712996
2007,12,5,1.13282311
2007,12,6,1.459940434
2007,12,7,1.523801684
2007,12,8,1.398201227
2007,12,9,1.062371016
2007,12,10,0.450603098
2007,12,11,0.010886705
2007,12,12,-0.352518201
2007,12,13,-0.402935982
2007,12,14,-0.480159193
2007,12,15,-0.686672747
2007,12,16,-0.959660769
2007,12,17,-1.44648838
2007,12,18,-1.466681838
2007,12,19,-0.957558572
2007,12,20,-0.783139646
2007,12,21,-0.539856076
2007,12,22,-0.211239263
2007,12,23,0.176751345
2007,12,24,0.560100377
2007,12,25,0.727343321
2007,12,26,0.583103776
2007,12,27,0.37562266
2007,12,28,0.425304979
2007,12,29,0.300026745
2007,12,30,0.114368588
2007,12,31,0.066347092
2008,1,1,0.161323816
2008,1,2,0.328706801
2008,1,3,0.184209704
2008,1,4,0.835526109
2008,1,5,1.222088933
2008,1,6,1.213653922
2008,1,7,1.064826727
2008,1,8,0.917018175
2008,1,9,0.73998791
2008,1,10,0.481079072
2008,1,11,0.326375782
2008,1,12,0.257013738
2008,1,13,0.153120145
2008,1,14,0.191069707
2008,1,15,0.071167812
2008,1,16,0.004313344
2008,1,17,0.02866457
2008,1,18,0.157835513
2008,1,19,0.287307143
2008,1,20,0.271748185
2008,1,21,0.345568389
2008,1,22,0.394122809
2008,1,23,0.522017896
2008,1,24,0.784751296
2008,1,25,0.805982411
2008,1,26,0.527309179
2008,1,27,0.381908327
2008,1,28,0.54968524
2008,1,29,0.231478155
2008,1,30,0.083493054
2008,1,31,0.039698385
2008,2,1,0.256445587
2008,2,2,0.174478948
2008,2,3,-0.02026348
2008,2,4,0.041141637
2008,2,5,0.31537658
2008,2,6,0.456483424
2008,2,7,0.680158675
2008,2,8,0.947564542
2008,2,9,1.028915524
2008,2,10,0.836615384
2008,2,11,0.489524186
2008,2,12,0.142535955
2008,2,13,-0.347538382
2008,2,14,-0.421856731
2008,2,15,0.022741815
2008,2,16,0.168862119
2008,2,17,-0.02943489
2008,2,18,0.047235895
2008,2,19,0.465203285
2008,2,20,0.988435686
2008,2,21,1.363792777
2008,2,22,1.250648975
2008,2,23,1.143240452
2008,2,24,1.21168685
2008,2,25,1.078053832
2008,2,26,0.973329365
2008,2,27,1.017499328
2008,2,28,1.098533511
2008,2,29,1.341925621
2008,3,1,1.357343554
2008,3,2,0.790261745
2008,3,3,0.472723484
2008,3,4,0.431264848
2008,3,5,0.542719126
2008,3,6,0.570372462
2008,3,7,0.710921645
2008,3,8,0.820979238
2008,3,9,0.903891861
2008,3,10,1.001726031
2008,3,11,0.829936862
2008,3,12,0.59815836
2008,3,13,0.357210547
2008,3,14,0.064228669
2008,3,15,-0.165317476
2008,3,16,-0.253869742
2008,3,17,-0.196680233
2008,3,18,-0.305969149
2008,3,19,-0.169080317
2008,3,20,-0.028154703
2008,3,21,-0.179870099
2008,3,22,-0.486147612
2008,3,23,-0.542209625
2008,3,24,-0.352903008
2008,3,25,-0.141767114
2008,3,26,-0.052083321
2008,3,27,0.003164719
2008,3,28,-0.170728028
2008,3,29,-0.337490261
2008,3,30,-0.625544488
2008,3,31,-0.537546217
2008,11,1,0.29175055
2008,11,2,0.269808203
2008,11,3,0.382994622
2008,11,4,0.345333904
2008,11,5,0.218143344
2008,11,6,0.311576456
2008,11,7,0.228324041
2008,11,8,-0.101096436
2008,11,9,-0.510913908
2008,11,10,-0.473940402
2008,11,11,-0.179857418
2008,11,12,0.099491097
2008,11,13,0.382210404
2008,11,14,0.359258443
2008,11,15,0.240073472
2008,11,16,0.244821176
2008,11,17,0.284419924
2008,11,18,0.360280275
2008,11,19,0.227781788
2008,11,20,-0.233091772
2008,11,21,-0.311116487
2008,11,22,-0.005334928
2008,11,23,-0.437253088
2008,11,24,-0.569780886
2008,11,25,-0.192036703
2008,11,26,0.089908481
2008,11,27,-0.233493656
2008,11,28,-0.734760165
2008,11,29,-1.450376153
2008,11,30,-1.823263764
2008,12,1,-2.710760593
2008,12,2,-1.583557606
2008,12,3,-0.514252067
2008,12,4,-0.282040536
2008,12,5,-0.514297843
2008,12,6,-0.465399444
2008,12,7,-0.003990415
2008,12,8,-0.001785723
2008,12,9,-0.371588171
2008,12,10,-0.167614549
2008,12,11,0.097393736
2008,12,12,0.276161879
2008,12,13,-0.088586807
2008,12,14,-0.547373354
2008,12,15,-0.087516308
2008,12,16,0.512977064
2008,12,17,0.724828243
2008,12,18,1.07887125
2008,12,19,0.892587423
2008,12,20,0.620459557
2008,12,21,0.622596622
2008,12,22,0.309232652
2008,12,23,0.342485934
2008,12,24,0.291658133
2008,12,25,-0.004884737
2008,12,26,-0.514833629
2008,12,27,-1.074067473
2008,12,28,-1.211090446
2008,12,29,-0.862862766
2008,12,30,-0.967977941
2008,12,31,-1.184078217
2009,1,1,-1.530745387
2009,1,2,-1.68786788
2009,1,3,-1.473541975
2009,1,4,-1.347650647
2009,1,5,-1.261874199
2009,1,6,-1.176972985
2009,1,7,-0.91779846
2009,1,8,-0.661955535
2009,1,9,-0.202934429
2009,1,10,0.296258658
2009,1,11,0.517211199
2009,1,12,0.422200531
2009,1,13,0.303853631
2009,1,14,0.176192224
2009,1,15,0.053860344
2009,1,16,0.442740262
2009,1,17,0.704789937
2009,1,18,0.740400612
2009,1,19,0.621276379
2009,1,20,0.53264159
2009,1,21,0.974373102
2009,1,22,0.989441276
2009,1,23,0.714959979
2009,1,24,0.289619714
2009,1,25,-0.0166067
2009,1,26,0.145598322
2009,1,27,0.442170799
2009,1,28,0.50056529
2009,1,29,0.240956217
2009,1,30,0.205266729
2009,1,31,0.012560781
2009,2,1,-0.359082103
2009,2,2,-0.424230576
2009,2,3,-0.428119838
2009,2,4,-0.510991156
2009,2,5,-0.104856052
2009,2,6,0.110394523
2009,2,7,0.288185149
2009,2,8,0.328288108
2009,2,9,-0.065656029
2009,2,10,-0.364950538
2009,2,11,-0.338860899
2009,2,12,-0.323142141
2009,2,13,-0.379675627
2009,2,14,-0.474140674
2009,2,15,-0.332527846
2009,2,16,-0.105443455
2009,2,17,0.068814039
2009,2,18,0.151914731
2009,2,19,0.291505367
2009,2,20,0.502448022
2009,2,21,0.708738983
2009,2,22,0.867068648
2009,2,23,0.873217106
2009,2,24,0.637568474
2009,2,25,0.619156301
2009,2,26,0.668662131
2009,2,27,0.645747304
2009,2,28,0.689494491
2009,3,1,1.005937696
2009,3,2,1.024589062
2009,3,3,0.887721002
2009,3,4,0.70322603
2009,3,5,0.529487431
2009,3,6,0.624771476
2009,3,7,0.847435355
2009,3,8,0.674734652
2009,3,9,0.36181739
2009,3,10,0.198015228
2009,3,11,0.316675961
2009,3,12,0.432249367
2009,3,13,0.31690377
2009,3,14,0.281445771
2009,3,15,0.471198142
2009,3,16,0.743931115
2009,3,17,0.673575461
2009,3,18,0.741273046
2009,3,19,0.622767627
2009,3,20,0.612251699
2009,3,21,0.795810938
2009,3,22,0.741827667
2009,3,23,0.21982038
2009,3,24,0.018594854
2009,3,25,-0.008864292
2009,3,26,0.118906215
2009,3,27,0.097540058
2009,3,28,-0.129623637
2009,3,29,-0.582455873
2009,3,30,-0.779259503
2009,3,31,-0.938177168
2009,4,1,-1.086776853
2009,11,1,1.096965075
2009,11,2,1.288450241
2009,11,3,0.897508919
2009,11,4,0.461785465
2009,11,5,0.438525051
2009,11,6,0.295689553
2009,11,7,-0.176838249
2009,11,8,0.084018119
2009,11,9,0.384491235
2009,11,10,0.389393389
2009,11,11,0.38975668
2009,11,12,-0.017303998
2009,11,13,-0.535673201
2009,11,14,-0.884365022
2009,11,15,-0.945731282
2009,11,16,-0.651046097
2009,11,17,-0.341368258
2009,11,18,-0.096967958
2009,11,19,0.204258844
2009,11,20,0.359140992
2009,11,21,0.353256941
2009,11,22,0.28133592
2009,11,23,0.294374853
2009,11,24,0.142914832
2009,11,25,-0.165169567
2009,11,26,-0.244200796
2009,11,27,-0.184111744
2009,11,28,-0.56443429
2009,11,29,-0.828043401
2009,11,30,-0.503428876
2009,12,1,-0.724494278
2009,12,2,-0.88859874
2009,12,3,-1.180520058
2009,12,4,-1.397025824
2009,12,5,-1.502847075
2009,12,6,-0.851984382
2009,12,7,-0.339896441
2009,12,8,-0.507869124
2009,12,9,-0.990650237
2009,12,10,-1.743951797
2009,12,11,-2.103991032
2009,12,12,-2.02067852
2009,12,13,-2.059519768
2009,12,14,-2.1114254
2009,12,15,-1.956715226
2009,12,16,-1.695825934
2009,12,17,-1.617091417
2009,12,18,-1.724988103
2009,12,19,-1.833381176
2009,12,20,-1.96404171
2009,12,21,-1.583627462
2009,12,22,-0.976449132
2009,12,23,-0.876435876
2009,12,24,-0.934942782
2009,12,25,-1.017471552
2009,12,26,-0.886479259
2009,12,27,-0.635675788
2009,12,28,-0.43350628
2009,12,29,-0.516645014
2009,12,30,-0.838157058
2009,12,31,-1.195897341
2010,1,1,-1.704260468
2010,1,2,-2.214659929
2010,1,3,-2.249674082
2010,1,4,-1.920450687
2010,1,5,-1.420430899
2010,1,6,-1.250677824
2010,1,7,-1.205017209
2010,1,8,-1.032514215
2010,1,9,-0.895252407
2010,1,10,-0.871740878
2010,1,11,-0.956884265
2010,1,12,-0.793679416
2010,1,13,-0.530201256
2010,1,14,-0.425382912
2010,1,15,-0.155022383
2010,1,16,0.255848289
2010,1,17,0.242778718
2010,1,18,0.285415441
2010,1,19,0.266461164
2010,1,20,-0.062680952
2010,1,21,-0.341434628
2010,1,22,-0.204667568
2010,1,23,-0.236016825
2010,1,24,-0.193094969
2010,1,25,-0.095815845
2010,1,26,-0.024816319
2010,1,27,-0.326278508
2010,1,28,-0.224095419
2010,1,29,-0.335629612
2010,1,30,-0.328336716
2010,1,31,-0.127571732
2010,2,1,-0.19635281
2010,2,2,-0.391339242
2010,2,3,-0.359322429
2010,2,4,-0.421137571
2010,2,5,-0.765940547
2010,2,6,-0.985131919
2010,2,7,-1.019918084
2010,2,8,-1.202252269
2010,2,9,-1.135949492
2010,2,10,-1.027409315
2010,2,11,-0.981359303
2010,2,12,-1.073770523
2010,2,13,-1.29039228
2010,2,14,-1.373779058
2010,2,15,-1.400129676
2010,2,16,-1.352663636
2010,2,17,-1.298928261
2010,2,18,-1.133871436
2010,2,19,-1.069968462
2010,2,20,-1.109478354
2010,2,21,-1.064586878
2010,2,22,-0.81715405
2010,2,23,-0.532016695
2010,2,24,-0.340996891
2010,2,25,-0.219450697
2010,2,26,-0.262443662
2010,2,27,-0.339473069
2010,2,28,-0.27581355
2010,3,1,-0.323314697
2010,3,2,-0.396122456
2010,3,3,-0.546419621
2010,3,4,-0.658159673
2010,3,5,-0.629630744
2010,3,6,-0.491509855
2010,3,7,-0.605662167
2010,3,8,-0.905459285
2010,3,9,-1.11306107
2010,3,10,-1.143576026
2010,3,11,-0.896662414
2010,3,12,-0.751442432
2010,3,13,-0.554954648
2010,3,14,-0.388402849
2010,3,15,-0.299005121
2010,3,16,-0.158066198
2010,3,17,0.098366246
2010,3,18,0.058819905
2010,3,19,0.066384509
2010,3,20,0.317511916
2010,3,21,0.519966722
2010,3,22,0.459768236
2010,3,23,0.30265066
2010,3,24,-0.035931274
2010,3,25,-0.324140638
2010,3,26,-0.161030471
2010,3,27,-0.166763455
2010,3,28,-0.310682118
2010,3,29,-0.170849219
2010,3,30,-0.033510793
2010,3,31,-0.120757863
2010,4,1,-0.165515199
2010,11,1,-0.180025533
2010,11,2,0.003515007
2010,11,3,0.066378012
2010,11,4,-0.302432567
2010,11,5,-0.512983143
2010,11,6,-0.202890158
2010,11,7,0.097130843
2010,11,8,-0.547629476
2010,11,9,-0.9120574
2010,11,10,-0.908578634
2010,11,11,-0.895358145
2010,11,12,-0.512979031
2010,11,13,-0.109666646
2010,11,14,0.104306757
2010,11,15,0.045347311
2010,11,16,-0.037395764
2010,11,17,-0.103933193
2010,11,18,-0.321037203
2010,11,19,-0.856899679
2010,11,20,-1.054686785
2010,11,21,-1.015215158
2010,11,22,-1.21601963
2010,11,23,-1.506348729
2010,11,24,-1.876121998
2010,11,25,-2.522481441
2010,11,26,-2.631600618
2010,11,27,-2.526550531
2010,11,28,-2.316738129
2010,11,29,-2.504335165
2010,11,30,-2.696172476
2010,12,1,-2.043400049
2010,12,2,-1.667469144
2010,12,3,-1.744017839
2010,12,4,-1.544947028
2010,12,5,-1.211093545
2010,12,6,-1.081507325
2010,12,7,-1.105877876
2010,12,8,-1.036053658
2010,12,9,-0.80063349
2010,12,10,-0.706898987
2010,12,11,-0.692580044
2010,12,12,-0.861559808
2010,12,13,-1.41596055
2010,12,14,-1.543992639
2010,12,15,-1.279299855
2010,12,16,-1.118641257
2010,12,17,-1.229331136
2010,12,18,-1.533066869
2010,12,19,-1.303529978
2010,12,20,-0.739562809
2010,12,21,-0.543368995
2010,12,22,-0.832317948
2010,12,23,-1.186815143
2010,12,24,-1.343402147
2010,12,25,-1.14434123
2010,12,26,-0.833787382
2010,12,27,-0.867944777
2010,12,28,-0.968192577
2010,12,29,-1.137417436
2010,12,30,-1.461517811
2010,12,31,-1.355101824
2011,1,1,-1.625757694
2011,1,2,-1.734173536
2011,1,3,-1.814007878
2011,1,4,-1.90938127
2011,1,5,-1.745979309
2011,1,6,-1.447097778
2011,1,7,-1.237928152
2011,1,8,-0.919743478
2011,1,9,-0.524280667
2011,1,10,-0.135689482
2011,1,11,0.050130572
2011,1,12,0.284872323
2011,1,13,0.469958097
2011,1,14,0.70190388
2011,1,15,0.680169404
2011,1,16,0.38920033
2011,1,17,0.374575436
2011,1,18,0.345358402
2011,1,19,0.193249166
2011,1,20,-0.047848977
2011,1,21,-0.424165517
2011,1,22,-0.776995301
2011,1,23,-0.7971012
2011,1,24,-0.94370532
2011,1,25,-0.871901572
2011,1,26,-0.618620574
2011,1,27,-0.358183831
2011,1,28,-0.070934795
2011,1,29,0.086348742
2011,1,30,0.328271866
2011,1,31,0.459364563
2011,2,1,0.522533655
2011,2,2,0.731434762
2011,2,3,0.964391768
2011,2,4,0.944264889
2011,2,5,0.799499512
2011,2,6,0.645968378
2011,2,7,0.865830839
2011,2,8,0.636498809
2011,2,9,0.368361503
2011,2,10,0.374355704
2011,2,11,0.406545103
2011,2,12,0.579877615
2011,2,13,0.641944885
2011,2,14,0.796827853
2011,2,15,0.596178055
2011,2,16,0.296827614
2011,2,17,0.087671183
2011,2,18,-0.104966752
2011,2,19,-0.118889853
2011,2,20,-0.282911003
2011,2,21,-0.21071212
2011,2,22,-0.209977224
2011,2,23,-0.031254746
2011,2,24,0.404408067
2011,2,25,1.131110668
2011,2,26,1.535762906
2011,2,27,1.156772733
2011,2,28,1.272121668
2011,3,1,1.737126827
2011,3,2,1.351011276
2011,3,3,0.991774321
2011,3,4,0.635760963
2011,3,5,0.599494815
2011,3,6,0.800293624
2011,3,7,0.871769547
2011,3,8,0.933345139
2011,3,9,1.066917896
2011,3,10,1.03246367
2011,3,11,0.875115216
2011,3,12,0.697362185
2011,3,13,0.862851441
2011,3,14,0.920728624
2011,3,15,0.912319899
2011,3,16,0.939988434
2011,3,17,1.082507133
2011,3,18,1.166855216
2011,3,19,1.081576228
2011,3,20,0.897586584
2011,3,21,0.733548462
2011,3,22,0.204518989
2011,3,23,-0.765714228
2011,3,24,-1.168673277
2011,3,25,-1.405837059
2011,3,26,-1.690851808
2011,3,27,-1.618261933
2011,3,28,-1.224082112
2011,3,29,-0.741336703
2011,3,30,-0.430108905
2011,3,31,-0.229369923
2011,4,1,-0.115925886
2011,11,1,-0.184927076
2011,11,2,-0.326140016
2011,11,3,-0.135798842
2011,11,4,0.179297552
2011,11,5,0.603906095
2011,11,6,1.081228375
2011,11,7,1.107955337
2011,11,8,0.787476718
2011,11,9,0.543378115
2011,11,10,0.24276486
2011,11,11,0.020065559
2011,11,12,0.044888724
2011,11,13,0.170817867
2011,11,14,-0.057632226
2011,11,15,-0.029938448
2011,11,16,-0.022040468
2011,11,17,-0.025955463
2011,11,18,0.251968741
2011,11,19,0.73500514
2011,11,20,1.233436465
2011,11,21,1.307922721
2011,11,22,1.355583549
2011,11,23,1.367090106
2011,11,24,1.509632468
2011,11,25,1.740649343
2011,11,26,1.63929987
2011,11,27,1.608876586
2011,11,28,1.560823202
2011,11,29,1.63900435
2011,11,30,1.949686289
2011,12,1,1.312864304
2011,12,2,1.617650151
2011,12,3,2.001978636
2011,12,4,1.922350645
2011,12,5,1.907215595
2011,12,6,1.994983673
2011,12,7,1.65520525
2011,12,8,1.174854279
2011,12,9,0.981927752
2011,12,10,1.301500678
2011,12,11,1.611434817
2011,12,12,1.717607737
2011,12,13,1.704487324
2011,12,14,1.39736712
2011,12,15,1.222185254
2011,12,16,1.182863235
2011,12,17,0.756670952
2011,12,18,0.450728416
2011,12,19,0.514533222
2011,12,20,0.542893767
2011,12,21,0.533463597
2011,12,22,0.796114564
2011,12,23,1.438814998
2011,12,24,1.846487045
2011,12,25,1.783785343
2011,12,26,1.399007678
2011,12,27,1.064131737
2011,12,28,0.966027498
2011,12,29,0.807263792
2011,12,30,0.980216086
2011,12,31,1.419138193
2012,1,1,1.357887268
2012,1,2,1.365344167
2012,1,3,1.525921464
2012,1,4,1.657413363
2012,1,5,1.029410243
2012,1,6,0.597215295
2012,1,7,0.467042059
2012,1,8,0.506671309
2012,1,9,0.732131064
2012,1,10,0.517321408
2012,1,11,0.111335546
2012,1,12,-0.244479582
2012,1,13,-0.222914517
2012,1,14,0.155151546
2012,1,15,0.585651457
2012,1,16,0.713778377
2012,1,17,1.069922447
2012,1,18,1.426903605
2012,1,19,1.361605525
2012,1,20,1.137218475
2012,1,21,0.917499781
2012,1,22,0.686087728
2012,1,23,0.56201458
2012,1,24,0.442803234
2012,1,25,0.477597117
2012,1,26,0.370402455
2012,1,27,0.232776791
2012,1,28,0.159232602
2012,1,29,0.295581311
2012,1,30,0.305894256
2012,1,31,0.264595419
2012,2,1,0.128995702
2012,2,2,0.009907185
2012,2,3,0.080808185
2012,2,4,0.084300593
2012,2,5,0.135311276
2012,2,6,0.58487463
2012,2,7,0.879638612
2012,2,8,1.022898078
2012,2,9,0.842514336
2012,2,10,0.542273462
2012,2,11,0.321337968
2012,2,12,0.04263708
2012,2,13,-0.219758943
2012,2,14,-0.164389148
2012,2,15,0.229783222
2012,2,16,0.451066375
2012,2,17,0.476963818
2012,2,18,0.397418708
2012,2,19,0.368052155
2012,2,20,0.401480496
2012,2,21,0.537266076
2012,2,22,0.689204872
2012,2,23,0.674055398
2012,2,24,0.634572744
2012,2,25,0.543322504
2012,2,26,0.567981422
2012,2,27,0.831714511
2012,2,28,0.903006256
2012,2,29,0.997554958
2012,3,1,0.964274347
2012,3,2,0.677049994
2012,3,3,0.791720152
2012,3,4,1.118501425
2012,3,5,1.328927755
2012,3,6,1.308733225
2012,3,7,1.221870899
2012,3,8,1.245717883
2012,3,9,1.406171799
2012,3,10,1.221768975
2012,3,11,0.967841148
2012,3,12,0.781971335
2012,3,13,0.815650582
2012,3,14,0.945839286
2012,3,15,1.240917444
2012,3,16,1.309429884
2012,3,17,1.112945318
2012,3,18,0.866021514
2012,3,19,0.650285423
2012,3,20,0.550060153
2012,3,21,0.588394165
2012,3,22,0.627331018
2012,3,23,0.167204648
2012,3,24,-0.314638317
2012,3,25,-0.061904434
2012,3,26,0.360941082
2012,3,27,0.535244524
2012,3,28,0.506940663
2012,3,29,0.181260541
2012,3,30,-0.065870017
2012,3,31,-0.147041574
2012,11,1,-1.789862871
2012,11,2,-1.776934385
2012,11,3,-1.506538749
2012,11,4,-1.243464708
2012,11,5,-1.011263728
2012,11,6,-0.861782849
2012,11,7,-0.624842763
2012,11,8,-0.218013003
2012,11,9,0.106423564
2012,11,10,0.356140137
2012,11,11,0.794023991
2012,11,12,0.92053628
2012,11,13,0.879637003
2012,11,14,0.922586083
2012,11,15,0.677614391
2012,11,16,0.36436832
2012,11,17,0.256684363
2012,11,18,0.118847385
2012,11,19,-0.256902695
2012,11,20,-0.695101976
2012,11,21,-0.582574487
2012,11,22,-0.384246439
2012,11,23,-0.35192734
2012,11,24,-0.285158604
2012,11,25,-0.445056707
2012,11,26,-0.380586654
2012,11,27,-0.170903623
2012,11,28,-0.108869664
2012,11,29,-0.478248298
2012,11,30,-0.805092752
2012,12,1,-0.469412118
2012,12,2,0.124115042
2012,12,3,0.315471619
2012,12,4,0.364620447
2012,12,5,0.465115994
2012,12,6,0.364971846
2012,12,7,-0.028089067
2012,12,8,-0.517918348
2012,12,9,-0.849410653
2012,12,10,-1.277733922
2012,12,11,-1.411341548
2012,12,12,-1.066775084
2012,12,13,-0.558871329
2012,12,14,-0.240140587
2012,12,15,0.179601371
2012,12,16,0.092936203
2012,12,17,-0.227256566
2012,12,18,-0.630107105
2012,12,19,-0.728165984
2012,12,20,-0.577291131
2012,12,21,-0.459154099
2012,12,22,-0.300122827
2012,12,23,-0.410511732
2012,12,24,-0.208506092
2012,12,25,0.668356776
2012,12,26,0.878697574
2012,12,27,0.884192348
2012,12,28,0.702426612
2012,12,29,0.788957775
2012,12,30,0.988060474
2012,12,31,0.860600889
2013,1,1,0.202954516
2013,1,2,0.234091848
2013,1,3,0.401326388
2013,1,4,0.382157952
2013,1,5,0.625725389
2013,1,6,0.671708643
2013,1,7,0.405327857
2013,1,8,0.309250951
2013,1,9,0.380944997
2013,1,10,0.196457952
2013,1,11,-0.467203587
2013,1,12,-0.796963394
2013,1,13,-0.559787273
2013,1,14,-0.192235604
2013,1,15,0.162115052
2013,1,16,0.271566808
2013,1,17,0.39776355
2013,1,18,0.493852615
2013,1,19,0.488729954
2013,1,20,0.234568909
2013,1,21,-0.184806287
2013,1,22,-0.2451033
2013,1,23,-0.219154909
2013,1,24,-0.032388989
2013,1,25,0.21171321
2013,1,26,0.328664511
2013,1,27,0.404234111
2013,1,28,0.226764426
2013,1,29,0.198235527
2013,1,30,0.462885678
2013,1,31,0.790106773
2013,2,1,1.093603849
2013,2,2,1.245174289
2013,2,3,1.230439186
2013,2,4,0.843427598
2013,2,5,0.316597641
2013,2,6,0.275933087
2013,2,7,0.291916877
2013,2,8,0.250022948
2013,2,9,0.218878165
2013,2,10,-0.179045573
2013,2,11,-0.185489953
2013,2,12,0.148601577
2013,2,13,0.29369846
2013,2,14,0.326533347
2013,2,15,0.230820447
2013,2,16,0.076706402
2013,2,17,-0.119971909
2013,2,18,-0.378922969
2013,2,19,-0.578719318
2013,2,20,-0.8612293
2013,2,21,-1.073426485
2013,2,22,-1.120864987
2013,2,23,-0.974271476
2013,2,24,-0.8612293
2013,2,25,-0.633991599
2013,2,26,-0.516438305
2013,2,27,-0.458882064
2013,2,28,-0.516922593
2013,3,1,-0.825923681
2013,3,2,-0.900788546
2013,3,3,-0.987597227
2013,3,4,-0.670332253
2013,3,5,-0.728328943
2013,3,6,-0.590948343
2013,3,7,-0.58263737
2013,3,8,-0.494048357
2013,3,9,-0.442269355
2013,3,10,-0.31736505
2013,3,11,-0.073469974
2013,3,12,-0.01095464
2013,3,13,0.155202284
2013,3,14,0.238903806
2013,3,15,-0.062883727
2013,3,16,-0.517688692
2013,3,17,-0.694980085
2013,3,18,-0.765601933
2013,3,19,-0.811494887
2013,3,20,-0.850231528
2013,3,21,-1.186669827
2013,3,22,-1.536364555
2013,3,23,-1.661816359
2013,3,24,-1.702287555
2013,3,25,-1.696571589
2013,3,26,-1.535714865
2013,3,27,-1.260835171
2013,3,28,-0.969897091
2013,3,29,-0.691572368
2013,3,30,-0.539256275
2013,3,31,-0.563738108
2013,4,1,-0.537441552
2013,11,1,0.544506192
2013,11,2,0.384782165
2013,11,3,0.522061825
2013,11,4,0.493324518
2013,11,5,0.161199525
2013,11,6,-0.017230608
2013,11,7,0.146184713
2013,11,8,0.263688058
2013,11,9,0.250478655
2013,11,10,0.272955805
2013,11,11,0.408479959
2013,11,12,0.484475315
2013,11,13,0.700958848
2013,11,14,1.15282619
2013,11,15,1.619808435
2013,11,16,1.521576405
2013,11,17,1.079877496
2013,11,18,0.72943598
2013,11,19,0.289768904
2013,11,20,-0.213916808
2013,11,21,-0.205669031
2013,11,22,-0.118528716
2013,11,23,-0.344276845
2013,11,24,-0.591130972
2013,11,25,-0.203654855
2013,11,26,0.237062126
2013,11,27,0.146106854
2013,11,28,-0.044810042
2013,11,29,0.625967979
2013,11,30,0.84160161
2013,12,1,-0.454491913
2013,12,2,-0.573364675
2013,12,3,-0.309839815
2013,12,4,0.129284114
2013,12,5,0.287076503
2013,12,6,0.312503189
2013,12,7,0.614736736
2013,12,8,0.646901131
2013,12,9,0.240544885
2013,12,10,-0.203612566
2013,12,11,-0.101486035
2013,12,12,0.127244353
2013,12,13,0.208730713
2013,12,14,0.7645486
2013,12,15,1.088629007
2013,12,16,1.038966775
2013,12,17,1.182187557
2013,12,18,1.250671983
2013,12,19,0.911853373
2013,12,20,0.619359016
2013,12,21,0.735501826
2013,12,22,1.050933123
2013,12,23,1.202786803
2013,12,24,0.995329618
2013,12,25,0.761917472
2013,12,26,0.550955176
2013,12,27,0.435351282
2013,12,28,0.279936731
2013,12,29,0.004292434
2013,12,30,-0.055264309
2013,12,31,-0.159198269
2014,1,1,-0.112463802
2014,1,2,-0.276512623
2014,1,3,-0.177192509
2014,1,4,-0.081049673
2014,1,5,-0.024131848
2014,1,6,-0.120273732
2014,1,7,-0.121367253
2014,1,8,0.166869432
2014,1,9,0.186114356
2014,1,10,-0.203856364
2014,1,11,-0.451005578
2014,1,12,-0.529388726
2014,1,13,-0.316130847
2014,1,14,-0.284413129
2014,1,15,-0.074262917
2014,1,16,0.066910326
2014,1,17,0.027579343
2014,1,18,-0.133590519
2014,1,19,-0.081125423
2014,1,20,0.051541656
2014,1,21,0.136619329
2014,1,22,0.166867286
2014,1,23,0.357412905
2014,1,24,0.995148659
2014,1,25,1.298231125
2014,1,26,0.955289304
2014,1,27,0.381262541
2014,1,28,0.24555096
2014,1,29,0.62811476
2014,1,30,1.157043457
2014,1,31,1.379964828
2014,2,1,1.17571485
2014,2,2,1.013452888
2014,2,3,0.882644415
2014,2,4,0.680418253
2014,2,5,0.926990092
2014,2,6,1.084020615
2014,2,7,1.167832851
2014,2,8,1.09451735
2014,2,9,0.985618293
2014,2,10,0.893812656
2014,2,11,0.841119826
2014,2,12,0.816718876
2014,2,13,0.69044596
2014,2,14,0.622027636
2014,2,15,0.946799874
2014,2,16,1.086735606
2014,2,17,0.838070095
2014,2,18,0.756480634
2014,2,19,0.617013693
2014,2,20,0.472530037
2014,2,21,0.35946846
2014,2,22,0.470650554
2014,2,23,0.829096615
2014,2,24,1.083554864
2014,2,25,0.993335307
2014,2,26,0.863099933
2014,2,27,0.787311137
2014,2,28,0.603918493
2014,3,1,0.857215643
2014,3,2,0.716920972
2014,3,3,0.64855504
2014,3,4,0.820054531
2014,3,5,1.10534513
2014,3,6,1.328469276
2014,3,7,1.200146079
2014,3,8,0.913144648
2014,3,9,0.845289946
2014,3,10,0.566128671
2014,3,11,0.340438694
2014,3,12,0.404040426
2014,3,13,0.591825128
2014,3,14,0.632998049
2014,3,15,0.614503443
2014,3,16,0.470305711
2014,3,17,0.323763669
2014,3,18,0.454960674
2014,3,19,0.704681098
2014,3,20,0.716674924
2014,3,21,0.676682889
2014,3,22,0.707074583
2014,3,23,0.879949212
2014,3,24,0.718403459
2014,3,25,0.349536568
2014,3,26,0.2693986
2014,3,27,0.058407359
2014,3,28,0.1613767
2014,3,29,0.05576095
2014,3,30,-0.193660498
2014,3,31,-0.490757376
2014,4,1,-0.4217408
2014,11,1,-0.609357536
2014,11,2,-0.633240402
2014,11,3,-0.705727994
2014,11,4,-0.040780507
2014,11,5,0.759249866
2014,11,6,0.773629427
2014,11,7,0.660965919
2014,11,8,0.286185473
2014,11,9,0.170811549
2014,11,10,0.097662121
2014,11,11,0.015531402
2014,11,12,-0.403185159
2014,11,13,-0.578205645
2014,11,14,-0.336901963
2014,11,15,-0.176489234
2014,11,16,-0.087708935
2014,11,17,0.074399613
2014,11,18,-0.072833955
2014,11,19,-0.030051509
2014,11,20,0.321006805
2014,11,21,0.34364748
2014,11,22,0.23860611
2014,11,23,0.528888524
2014,11,24,0.536435723
2014,11,25,0.734110057
2014,11,26,1.106129885
2014,11,27,0.749506474
2014,11,28,0.281086564
2014,11,29,0.507409096
2014,11,30,1.018142223
2014,12,1,0.865985334
2014,12,2,1.343953609
2014,12,3,0.831218958
2014,12,4,0.106342249
2014,12,5,0.450333565
2014,12,6,1.07538414
2014,12,7,1.300731897
2014,12,8,1.409168482
2014,12,9,1.862067103
2014,12,10,2.027326345
2014,12,11,1.918765426
2014,12,12,1.684118748
2014,12,13,1.848470092
2014,12,14,1.738115668
2014,12,15,1.485729814
2014,12,16,1.409463286
2014,12,17,1.695712924
2014,12,18,1.818471909
2014,12,19,1.76239872
2014,12,20,1.440765381
2014,12,21,1.206162453
2014,12,22,1.013632655
2014,12,23,0.658133864
2014,12,24,0.290628821
2014,12,25,-0.022918055
2014,12,26,-0.048180334
2014,12,27,-0.402981937
2014,12,28,-0.909172833
2014,12,29,-0.808364868
2014,12,30,-0.410494238
2014,12,31,-0.200888544
2015,1,1,0.451656908
2015,1,2,0.719628036
2015,1,3,0.677089095
2015,1,4,0.591697991
2015,1,5,0.923881054
2015,1,6,1.420376778
2015,1,7,1.573222995
2015,1,8,1.871431351
2015,1,9,1.673503518
2015,1,10,1.205102205
2015,1,11,1.016379118
2015,1,12,1.277052999
2015,1,13,1.20159018
2015,1,14,1.035375237
2015,1,15,0.781871796
2015,1,16,0.701675236
2015,1,17,0.510658681
2015,1,18,0.489000499
2015,1,19,0.584304035
2015,1,20,0.235026211
2015,1,21,0.247255653
2015,1,22,0.528752029
2015,1,23,0.768710911
2015,1,24,0.705040336
2015,1,25,0.835495472
2015,1,26,1.074783206
2015,1,27,1.343851089
2015,1,28,1.344542384
2015,1,29,1.089987874
2015,1,30,0.703322709
2015,1,31,0.302675039
2015,2,1,0.059628412
2015,2,2,-0.143190533
2015,2,3,0.158066094
2015,2,4,0.43466565
2015,2,5,0.554598868
2015,2,6,0.736477494
2015,2,7,0.577711821
2015,2,8,0.557044685
2015,2,9,0.750808477
2015,2,10,0.709440529
2015,2,11,0.658775389
2015,2,12,0.616529763
2015,2,13,0.585738778
2015,2,14,0.74238354
2015,2,15,1.2614218
2015,2,16,1.182143211
2015,2,17,0.861912608
2015,2,18,1.105459809
2015,2,19,1.340711236
2015,2,20,1.327756047
2015,2,21,1.241521716
2015,2,22,1.448375106
2015,2,23,1.38656342
2015,2,24,1.182939768
2015,2,25,1.034374118
2015,2,26,0.92574203
2015,2,27,1.002049208
2015,2,28,1.18291676
2015,3,1,1.378487349
2015,3,2,1.079543591
2015,3,3,0.619287193
2015,3,4,0.659096181
2015,3,5,1.214295268
2015,3,6,1.507637978
2015,3,7,1.479265809
2015,3,8,1.166509867
2015,3,9,0.902152896
2015,3,10,0.781188428
2015,3,11,0.881222188
2015,3,12,0.75826323
2015,3,13,0.506898165
2015,3,14,0.425791204
2015,3,15,0.698541343
2015,3,16,0.529663563
2015,3,17,0.481373996
2015,3,18,0.311908334
2015,3,19,0.203080058
2015,3,20,0.393724501
2015,3,21,0.631285965
2015,3,22,0.61177659
2015,3,23,0.413090736
2015,3,24,0.55639267
2015,3,25,0.781008542
2015,3,26,1.101643443
2015,3,27,1.459697485
2015,3,28,1.864083767
2015,3,29,2.078344107
2015,3,30,2.07322526
2015,3,31,1.648736
2015,4,1,1.03300643
2015,11,1,1.399230599
2015,11,2,1.309665799
2015,11,3,1.034743786
2015,11,4,0.786127388
2015,11,5,0.48972097
2015,11,6,0.629273176
2015,11,7,1.215735316
2015,11,8,1.650619864
2015,11,9,1.767727733
2015,11,10,1.628672481
2015,11,11,1.481694341
2015,11,12,1.173741221
2015,11,13,0.702556789
2015,11,14,0.228152677
2015,11,15,0.029886588
2015,11,16,-0.08849974
2015,11,17,-0.147068694
2015,11,18,0.024412552
2015,11,19,0.148383722
2015,11,20,0.16375716
2015,11,21,-0.124114402
2015,11,22,0.206782356
2015,11,23,0.786857724
2015,11,24,0.77125293
2015,11,25,0.95396322
2015,11,26,1.726923585
2015,11,27,2.088807821
2015,11,28,1.996235013
2015,11,29,1.869901061
2015,11,30,1.577111125
2015,12,1,1.513121367
2015,12,2,1.547823906
2015,12,3,1.939183116
2015,12,4,2.468308926
2015,12,5,2.751318932
2015,12,6,1.968456864
2015,12,7,0.914708138
2015,12,8,0.610667467
2015,12,9,0.733976424
2015,12,10,0.849874735
2015,12,11,0.819605172
2015,12,12,0.920057178
2015,12,13,0.906413078
2015,12,14,0.470609456
2015,12,15,0.085370071
2015,12,16,0.065550365
2015,12,17,0.388649225
2015,12,18,0.681483626
2015,12,19,0.880479813
2015,12,20,1.262379527
2015,12,21,1.680336237
2015,12,22,1.567446589
2015,12,23,1.47771883
2015,12,24,1.057065248
2015,12,25,0.94185245
2015,12,26,1.004946709
2015,12,27,0.720128834
2015,12,28,0.301154852
2015,12,29,0.6878497
2015,12,30,1.365372896
2015,12,31,1.469829082
2016,1,1,1.10359025
2016,1,2,0.892248094
2016,1,3,0.54624176
2016,1,4,0.271389306
2016,1,5,0.074839257
2016,1,6,0.164985299
2016,1,7,-0.203903496
2016,1,8,-0.643927157
2016,1,9,-0.806282401
2016,1,10,-0.796638846
2016,1,11,-0.884207189
2016,1,12,-1.013920784
2016,1,13,-0.955714405
2016,1,14,-0.890137017
2016,1,15,-0.838247299
2016,1,16,-0.786342144
2016,1,17,-0.624073327
2016,1,18,-0.551138401
2016,1,19,-0.381954581
2016,1,20,-0.305162042
2016,1,21,-0.284766734
2016,1,22,-0.079897143
2016,1,23,0.08167851
2016,1,24,0.325292349
2016,1,25,0.961539567
2016,1,26,1.583248019
2016,1,27,1.835018635
2016,1,28,1.745034933
2016,1,29,1.539215803
2016,1,30,1.179757595
2016,1,31,1.026846766
2016,2,1,0.924830437
2016,2,2,0.703836143
2016,2,3,0.543163598
2016,2,4,0.555839777
2016,2,5,0.672303736
2016,2,6,0.748409331
2016,2,7,1.078653216
2016,2,8,1.011398792
2016,2,9,1.036686897
2016,2,10,1.202913404
2016,2,11,1.270430326
2016,2,12,1.192129135
2016,2,13,0.895415723
2016,2,14,0.526889801
2016,2,15,0.753759146
2016,2,16,1.276503086
2016,2,17,1.316551685
2016,2,18,1.429701328
2016,2,19,1.748116612
2016,2,20,1.774789333
2016,2,21,1.494039297
2016,2,22,1.016441703
2016,2,23,0.775146544
2016,2,24,0.771560252
2016,2,25,0.801575243
2016,2,26,0.61597681
2016,2,27,0.500508547
2016,2,28,0.568110645
2016,2,29,0.805247009
2016,3,1,1.123387218
2016,3,2,0.96506989
2016,3,3,0.87776053
2016,3,4,0.719420612
2016,3,5,0.888070107
2016,3,6,0.899592936
2016,3,7,0.783990741
2016,3,8,0.626105011
2016,3,9,0.680397511
2016,3,10,0.98044318
2016,3,11,1.118906975
2016,3,12,0.959178865
2016,3,13,0.615302205
2016,3,14,0.197161838
2016,3,15,-0.206367865
2016,3,16,-0.311369568
2016,3,17,-0.312406719
2016,3,18,-0.144733876
2016,3,19,0.206822485
2016,3,20,0.459912211
2016,3,21,0.495392054
2016,3,22,0.148048237
2016,3,23,0.155223951
2016,3,24,0.376276642
2016,3,25,0.210768417
2016,3,26,0.274269432
2016,3,27,0.530899465
2016,3,28,0.572808921
2016,3,29,0.443093985
2016,3,30,0.640939713
2016,3,31,0.8233729
2016,11,1,0.274549037
2016,11,2,0.059505925
2016,11,3,-0.308311343
2016,11,4,-0.780284405
2016,11,5,-0.720479488
2016,11,6,-0.40516758
2016,11,7,-0.009449425
2016,11,8,-0.062359981
2016,11,9,-0.459781677
2016,11,10,-0.117736496
2016,11,11,0.395666599
2016,11,12,0.867843091
2016,11,13,1.278505802
2016,11,14,1.366551161
2016,11,15,1.157617927
2016,11,16,0.669858575
2016,11,17,0.126418009
2016,11,18,-0.034622997
2016,11,19,0.019199673
2016,11,20,-0.353374511
2016,11,21,-0.462408662
2016,11,22,-0.296500534
2016,11,23,-0.120274767
2016,11,24,-0.145148203
2016,11,25,-0.138230979
2016,11,26,-0.296723276
2016,11,27,-0.471959054
2016,11,28,-0.739229143
2016,11,29,-0.765696645
2016,11,30,-0.787746549
2016,12,1,-0.41628015
2016,12,2,-0.584078193
2016,12,3,-0.729758322
2016,12,4,-0.941104889
2016,12,5,-1.001519561
2016,12,6,-0.702291965
2016,12,7,-0.454775333
2016,12,8,-0.274784237
2016,12,9,-0.266217113
2016,12,10,-0.398315936
2016,12,11,-0.488533825
2016,12,12,-0.570482135
2016,12,13,-0.484601855
2016,12,14,-0.335006297
2016,12,15,-0.278698087
2016,12,16,-0.332410634
2016,12,17,-0.324993998
2016,12,18,-0.3486875
2016,12,19,0.156511396
2016,12,20,1.122760415
2016,12,21,1.600886226
2016,12,22,1.93194139
2016,12,23,1.947918773
2016,12,24,1.928721428
2016,12,25,1.808879256
2016,12,26,1.415575981
2016,12,27,0.622622132
2016,12,28,0.541601598
2016,12,29,0.378764987
2016,12,30,0.149173543
2016,12,31,-0.492196888
2017,1,1,-0.774342537
2017,1,2,-0.460035771
2017,1,3,-0.206242815
2017,1,4,-0.221782982
2017,1,5,-0.340744317
2017,1,6,0.039846096
2017,1,7,0.681645513
2017,1,8,1.034457922
2017,1,9,1.351819634
2017,1,10,1.488035083
2017,1,11,1.352874756
2017,1,12,1.078899264
2017,1,13,0.999283373
2017,1,14,0.759392023
2017,1,15,0.523298442
2017,1,16,0.516312003
2017,1,17,0.436022788
2017,1,18,0.336663067
2017,1,19,-0.125080332
2017,1,20,-0.610045552
2017,1,21,-0.739217162
2017,1,22,-0.576607823
2017,1,23,-0.322425038
2017,1,24,-0.295137972
2017,1,25,-0.483043194
2017,1,26,-0.479623377
2017,1,27,-0.06792248
2017,1,28,0.186317354
2017,1,29,0.315615445
2017,1,30,0.33701393
2017,1,31,0.290480286
2017,2,1,0.435183138
2017,2,2,0.652609348
2017,2,3,0.74327904
2017,2,4,0.807909966
2017,2,5,0.86142087
2017,2,6,1.159558773
2017,2,7,1.224986315
2017,2,8,1.203692794
2017,2,9,1.069852114
2017,2,10,0.890891194
2017,2,11,0.570947766
2017,2,12,0.219731078
2017,2,13,-0.112332642
2017,2,14,-0.058098003
2017,2,15,0.208500594
2017,2,16,0.391455382
2017,2,17,0.194368064
2017,2,18,0.03042661
2017,2,19,0.410726249
2017,2,20,0.803549111
2017,2,21,0.999394655
2017,2,22,1.066202164
2017,2,23,0.725253999
2017,2,24,0.764753819
2017,2,25,0.889385223
2017,2,26,0.731831193
2017,2,27,0.631699264
2017,2,28,0.654774249
2017,3,1,0.64566505
2017,3,2,0.507989824
2017,3,3,0.426713645
2017,3,4,0.308563232
2017,3,5,0.0103609
2017,3,6,-0.164301559
2017,3,7,0.031147005
2017,3,8,0.449865431
2017,3,9,0.577669621
2017,3,10,0.434140652
2017,3,11,0.364479512
2017,3,12,0.435448974
2017,3,13,0.713610709
2017,3,14,1.026267767
2017,3,15,0.872502923
2017,3,16,0.925649941
2017,3,17,1.253610611
2017,3,18,1.454369664
2017,3,19,1.458720446
2017,3,20,1.343992949
2017,3,21,1.232237697
2017,3,22,0.951111555
2017,3,23,0.838257968
2017,3,24,0.786672354
2017,3,25,0.742776155
2017,3,26,0.11724817
2017,3,27,-0.391314983
2017,3,28,-0.48288992
2017,3,29,-0.119327024
2017,3,30,-0.136233121
2017,3,31,-0.284417003
2017,4,1,-0.006366986
2017,11,1,0.916588545
2017,11,2,1.061104059
2017,11,3,1.132730484
2017,11,4,1.088719726
2017,11,5,1.254438758
2017,11,6,1.35505259
2017,11,7,1.114318609
2017,11,8,0.838490605
2017,11,9,0.422365755
2017,11,10,0.09236268
2017,11,11,-0.081816845
2017,11,12,0.107633211
2017,11,13,0.53420496
2017,11,14,0.571253657
2017,11,15,0.330771834
2017,11,16,-0.013925701
2017,11,17,-0.311439961
2017,11,18,-0.741800308
2017,11,19,-1.141595006
2017,11,20,-1.292724133
2017,11,21,-1.18941617
2017,11,22,-1.088619113
2017,11,23,-0.687145591
2017,11,24,-0.164448813
2017,11,25,0.021903338
2017,11,26,-0.172575101
2017,11,27,-0.517008603
2017,11,28,-0.628487587
2017,11,29,-0.572586656
2017,11,30,-0.430629134
2017,12,1,-0.192046538
2017,12,2,0.039947554
2017,12,3,-0.059205871
2017,12,4,-0.080244854
2017,12,5,0.086167201
2017,12,6,0.290377051
2017,12,7,0.433625102
2017,12,8,0.288425714
2017,12,9,0.328397185
2017,12,10,0.352296889
2017,12,11,0.134332031
2017,12,12,0.515041173
2017,12,13,0.736207724
2017,12,14,0.25682956
2017,12,15,0.184490174
2017,12,16,0.387155831
2017,12,17,0.667981684
2017,12,18,0.465976149
2017,12,19,0.345796257
2017,12,20,0.320640385
2017,12,21,0.236840755
2017,12,22,0.485617876
2017,12,23,0.79020071
2017,12,24,0.777735293
2017,12,25,0.552961886
2017,12,26,0.023483993
2017,12,27,-0.038036078
2017,12,28,0.170747653
2017,12,29,0.310190499
2017,12,30,0.501507521
2017,12,31,0.693958223
2018,1,1,0.501757503
2018,1,2,0.74263531
2018,1,3,0.870817542
2018,1,4,0.724776089
2018,1,5,0.152387574
2018,1,6,0.023298435
2018,1,7,0.232526556
2018,1,8,0.287958503
2018,1,9,0.198964611
2018,1,10,-0.004182746
2018,1,11,0.073099576
2018,1,12,0.568648696
2018,1,13,1.103426099
2018,1,14,1.5817945
2018,1,15,1.667018414
2018,1,16,1.430210233
2018,1,17,1.184060574
2018,1,18,0.964005888
2018,1,19,0.702774584
2018,1,20,0.430009097
2018,1,21,0.434410572
2018,1,22,0.389350623
2018,1,23,0.483011425
2018,1,24,0.759803891
2018,1,25,0.94547385
2018,1,26,1.036247134
2018,1,27,1.132213593
2018,1,28,1.326654315
2018,1,29,1.322921634
2018,1,30,1.24832952
2018,1,31,0.982138276
2018,2,1,1.082084179
2018,2,2,1.377769947
2018,2,3,1.118489265
2018,2,4,1.102607012
2018,2,5,1.194406986
2018,2,6,0.979154408
2018,2,7,1.362858057
2018,2,8,1.590188265
2018,2,9,1.850867152
2018,2,10,1.756911635
2018,2,11,1.363181233
2018,2,12,1.324858665
2018,2,13,1.547104239
2018,2,14,1.645994067
2018,2,15,1.449068427
2018,2,16,1.284658194
2018,2,17,1.226293802
2018,2,18,1.063955069
2018,2,19,0.838966668
2018,2,20,0.762414217
2018,2,21,0.860171735
2018,2,22,1.157186389
2018,2,23,1.080214858
2018,2,24,0.606036603
2018,2,25,0.057612881
2018,2,26,-0.393642515
2018,2,27,-0.767994761
2018,2,28,-1.350831628
2018,3,1,-1.719323397
2018,3,2,-1.372483134
2018,3,3,-1.217991471
2018,3,4,-0.851469934
2018,3,5,-0.736336708
2018,3,6,-0.696902871
2018,3,7,-0.636436641
2018,3,8,-0.68644315
2018,3,9,-0.686620891
2018,3,10,-0.410597831
2018,3,11,-0.199879557
2018,3,12,-0.067810826
2018,3,13,-0.015862973
2018,3,14,-0.059654836
2018,3,15,-0.32137543
2018,3,16,-0.602497339
2018,3,17,-0.706611097
2018,3,18,-0.889468193
2018,3,19,-0.954762399
2018,3,20,-0.676159739
2018,3,21,-0.293421894
2018,3,22,0.31522423
2018,3,23,0.539240599
2018,3,24,0.245076492
2018,3,25,-0.046419311
2018,3,26,0.03832899
2018,3,27,0.299676716
2018,3,28,0.13014698
2018,3,29,-0.073878415
2018,3,30,-0.110863112
2018,3,31,-0.153612882
2018,4,1,-0.136968002
2018,11,1,-0.434852779
2018,11,2,-0.226161391
2018,11,3,0.097547777
2018,11,4,0.524069846
2018,11,5,0.77526921
2018,11,6,0.35186255
2018,11,7,-0.024648877
2018,11,8,-0.110204294
2018,11,9,-0.020837765
2018,11,10,-0.033173714
2018,11,11,-0.055139601
2018,11,12,0.166368037
2018,11,13,0.340137661
2018,11,14,0.648165524
2018,11,15,0.714683235
2018,11,16,0.386922091
2018,11,17,0.22461921
2018,11,18,0.167615995
2018,11,19,-0.274217397
2018,11,20,-0.825875401
2018,11,21,-0.725937247
2018,11,22,-0.347960293
2018,11,23,-0.369342268
2018,11,24,-0.803860247
2018,11,25,-1.373259068
2018,11,26,-1.403952837
2018,11,27,-1.144106269
2018,11,28,-0.871856987
2018,11,29,-0.439705729
2018,11,30,-0.132875293
2018,12,1,0.12628448
2018,12,2,0.4694736
2018,12,3,0.740117252
2018,12,4,0.585900187
2018,12,5,0.794760883
2018,12,6,1.294095755
2018,12,7,1.538583755
2018,12,8,1.519168258
2018,12,9,1.065659761
2018,12,10,0.430122197
2018,12,11,0.046445135
2018,12,12,-0.354082674
2018,12,13,-0.594248354
2018,12,14,-0.296129465
2018,12,15,0.113773033
2018,12,16,0.389501274
2018,12,17,0.230102554
2018,12,18,0.019272497
2018,12,19,-0.261868745
2018,12,20,-0.300107688
2018,12,21,0.028008357
2018,12,22,0.014531137
2018,12,23,0.000434106
2018,12,24,-0.081104957
2018,12,25,-0.14682965
2018,12,26,0.125873506
2018,12,27,0.233559683
2018,12,28,0.121843524
2018,12,29,0.035911366
2018,12,30,-0.422911376
2018,12,31,-0.643663466
2019,1,1,-1.061035037
2019,1,2,-0.916659892
2019,1,3,-0.696931422
2019,1,4,-0.374890208
2019,1,5,0.021607166
2019,1,6,0.527575731
2019,1,7,0.397446662
2019,1,8,0.088646002
2019,1,9,0.223758444
2019,1,10,-1.180207133
2019,1,11,0.129766986
2019,1,12,0.433849305
2019,1,13,0.504554451
2019,1,14,0.52774334
2019,1,15,0.637666702
2019,1,16,0.70211333
2019,1,17,0.806788504
2019,1,18,0.794724226
2019,1,19,0.791058719
2019,1,20,0.887438059
2019,1,21,0.701912284
2019,1,22,0.35541901
2019,1,23,0.145610303
2019,1,24,-0.067713402
2019,1,25,-0.038128883
2019,1,26,0.140211836
2019,1,27,0.534765542
2019,1,28,0.687644124
2019,1,29,0.552717865
2019,1,30,0.321705133
2019,1,31,0.155467391
2019,2,1,0.343405932
2019,2,2,0.616530716
2019,2,3,0.6333673
2019,2,4,0.541951835
2019,2,5,0.430485159
2019,2,6,0.443579286
2019,2,7,0.571056008
2019,2,8,0.597736359
2019,2,9,0.651172459
2019,2,10,0.388592362
2019,2,11,-0.039403204
2019,2,12,-0.113875799
2019,2,13,0.088403136
2019,2,14,0.300127894
2019,2,15,0.458601475
2019,2,16,0.50851649
2019,2,17,0.243996024
2019,2,18,0.389074326
2019,2,19,0.359859854
2019,2,20,-0.279156506
2019,2,21,-0.349067003
2019,2,22,0.09630765
2019,2,23,0.312335581
2019,2,24,0.250962794
2019,2,25,0.164408356
2019,2,26,0.280149698
2019,2,27,0.266546786
2019,2,28,0.220623285
2019,3,1,0.324981689
2019,3,2,0.481925786
2019,3,3,0.29343769
2019,3,4,0.082689635
2019,3,5,0.080620073
2019,3,6,0.289688051
2019,3,7,0.377361119
2019,3,8,0.477148294
2019,3,9,0.417876095
2019,3,10,0.305543393
2019,3,11,0.408226877
2019,3,12,0.437416017
2019,3,13,0.48154065
2019,3,14,0.649419188
2019,3,15,0.754019737
2019,3,16,0.904194593
2019,3,17,0.909388125
2019,3,18,0.994293988
2019,3,19,1.281091213
2019,3,20,1.577430367
2019,3,21,1.664476037
2019,3,22,1.512390971
2019,3,23,1.360113382
2019,3,24,1.04943645
2019,3,25,0.951042056
2019,3,26,1.149297714
2019,3,27,1.447857022
2019,3,28,1.575880885
2019,3,29,1.269865513
2019,3,30,0.945640683
2019,3,31,0.922406852
2019,4,1,0.744779229
