year,month,day,pna_index_cdas
1999,11,1,0.280000001
1999,11,2,0.284999996
1999,11,3,0.335999995
1999,11,4,0.172000006
1999,11,5,-0.050000001
1999,11,6,0.194000006
1999,11,7,0.55400002
1999,11,8,0.523000002
1999,11,9,0.375
1999,11,10,0.144999996
1999,11,11,0.123000003
1999,11,12,0.211999997
1999,11,13,0.093000002
1999,11,14,0.104999997
1999,11,15,0.273999989
1999,11,16,0.757000029
1999,11,17,1.174999952
1999,11,18,0.709999979
1999,11,19,0.386999995
1999,11,20,0.277999997
1999,11,21,0.268999994
1999,11,22,0.157000005
1999,11,23,-0.006
1999,11,24,-0.061000001
1999,11,25,-0.197999999
1999,11,26,-0.465000004
1999,11,27,-0.771000028
1999,11,28,-0.547999978
1999,11,29,0.109999999
1999,11,30,0.670000017
1999,12,1,0.552999973
1999,12,2,0.550999999
1999,12,3,0.671999991
1999,12,4,0.726000011
1999,12,5,0.48300001
1999,12,6,0.008
1999,12,7,-0.374000013
1999,12,8,-0.370999992
1999,12,9,-0.370999992
1999,12,10,-0.437999994
1999,12,11,-0.568000019
1999,12,12,-0.603999972
1999,12,13,-0.734000027
1999,12,14,-0.574999988
1999,12,15,-0.014
1999,12,16,0.370999992
1999,12,17,0.323000014
1999,12,18,0.238999993
1999,12,19,0.488000005
1999,12,20,0.672999978
1999,12,21,0.810000002
1999,12,22,1.16900003
1999,12,23,1.381000042
1999,12,24,1.067999959
1999,12,25,0.65200001
1999,12,26,0.407999992
1999,12,27,0.426999986
1999,12,28,0.32100001
1999,12,29,-0.137999997
1999,12,30,-0.546000004
1999,12,31,-0.823000014
2000,1,1,-0.995000005
2000,1,2,-0.972000003
2000,1,3,-0.64200002
2000,1,4,-0.449999988
2000,1,5,-0.300000012
2000,1,6,-0.207000002
2000,1,7,-0.379999995
2000,1,8,-0.745000005
2000,1,9,-1.220999956
2000,1,10,-1.546000004
2000,1,11,-1.687999964
2000,1,12,-1.899000049
2000,1,13,-1.950999975
2000,1,14,-1.713000059
2000,1,15,-1.699000001
2000,1,16,-1.618000031
2000,1,17,-1.43900001
2000,1,18,-1.213999987
2000,1,19,-1.024999976
2000,1,20,-0.759000003
2000,1,21,-0.419
2000,1,22,-0.115000002
2000,1,23,0.232999995
2000,1,24,0.619000018
2000,1,25,0.878000021
2000,1,26,0.836000025
2000,1,27,0.717000008
2000,1,28,0.632000029
2000,1,29,0.578000009
2000,1,30,0.870999992
2000,1,31,1.174999952
2000,2,1,1.253000021
2000,2,2,1.248000026
2000,2,3,1.412999988
2000,2,4,1.562999964
2000,2,5,1.613999963
2000,2,6,1.498000026
2000,2,7,1.368000031
2000,2,8,1.06400001
2000,2,9,0.771000028
2000,2,10,0.771000028
2000,2,11,0.779999971
2000,2,12,0.822000027
2000,2,13,0.82099998
2000,2,14,0.626999974
2000,2,15,0.412999988
2000,2,16,0.648000002
2000,2,17,0.862999976
2000,2,18,0.915000021
2000,2,19,0.704999983
2000,2,20,0.414000005
2000,2,21,0.342000008
2000,2,22,0.483999997
2000,2,23,0.67900002
2000,2,24,0.686999977
2000,2,25,0.574000001
2000,2,26,0.656000018
2000,2,27,0.660000026
2000,2,28,0.593999982
2000,2,29,0.626999974
2000,3,1,1.324000001
2000,3,2,1.054999948
2000,3,3,0.93900001
2000,3,4,0.55400002
2000,3,5,0.379999995
2000,3,6,0.513999999
2000,3,7,0.552999973
2000,3,8,0.60799998
2000,3,9,0.500999987
2000,3,10,0.535000026
2000,3,11,0.568000019
2000,3,12,0.51700002
2000,3,13,0.528999984
2000,3,14,0.55400002
2000,3,15,0.474000007
2000,3,16,0.535000026
2000,3,17,0.519999981
2000,3,18,0.587000012
2000,3,19,0.688000023
2000,3,20,0.834999979
2000,3,21,0.736000001
2000,3,22,0.519999981
2000,3,23,0.601999998
2000,3,24,0.541000009
2000,3,25,0.467999995
2000,3,26,0.549000025
2000,3,27,0.963
2000,3,28,1.355000019
2000,3,29,1.317000031
2000,3,30,0.904999971
2000,3,31,0.421000004
2000,11,1,0.609000027
2000,11,2,0.508000016
2000,11,3,0.268999994
2000,11,4,0.108999997
2000,11,5,-0.055
2000,11,6,0.104999997
2000,11,7,0.052999999
2000,11,8,-0.375
2000,11,9,-0.531000018
2000,11,10,-0.592999995
2000,11,11,-0.546000004
2000,11,12,-0.351000011
2000,11,13,0.077
2000,11,14,0.323000014
2000,11,15,0.474999994
2000,11,16,0.632000029
2000,11,17,0.639999986
2000,11,18,0.577000022
2000,11,19,0.773999989
2000,11,20,0.893000007
2000,11,21,1.085000038
2000,11,22,1.080000043
2000,11,23,1.108999968
2000,11,24,0.98299998
2000,11,25,0.778999984
2000,11,26,0.449999988
2000,11,27,0.261999995
2000,11,28,0.200000003
2000,11,29,0.151999995
2000,11,30,0.388999999
2000,12,1,0.735000014
2000,12,2,0.721000016
2000,12,3,0.620000005
2000,12,4,0.768999994
2000,12,5,0.861000001
2000,12,6,0.667999983
2000,12,7,0.324000001
2000,12,8,-0.015
2000,12,9,0.021
2000,12,10,0.071999997
2000,12,11,0.360000014
2000,12,12,0.407000005
2000,12,13,0.243000001
2000,12,14,0.033
2000,12,15,0.246000007
2000,12,16,0.569999993
2000,12,17,0.72299999
2000,12,18,0.995999992
2000,12,19,1.143000007
2000,12,20,1.162999988
2000,12,21,0.996999979
2000,12,22,0.910000026
2000,12,23,0.852999985
2000,12,24,0.75999999
2000,12,25,0.838999987
2000,12,26,0.921000004
2000,12,27,0.927999973
2000,12,28,0.963
2000,12,29,1.08099997
2000,12,30,1.075000048
2000,12,31,0.894999981
2001,1,1,0.69599998
2001,1,2,1.105999947
2001,1,3,1.476999998
2001,1,4,1.27699995
2001,1,5,1.034999967
2001,1,6,1.065000057
2001,1,7,1.146000028
2001,1,8,1.121000051
2001,1,9,0.834999979
2001,1,10,0.351999998
2001,1,11,0.43900001
2001,1,12,0.910000026
2001,1,13,0.972000003
2001,1,14,0.97299999
2001,1,15,1.050999999
2001,1,16,1.062000036
2001,1,17,1.251000047
2001,1,18,1.378000021
2001,1,19,1.258000016
2001,1,20,1.103999972
2001,1,21,0.967999995
2001,1,22,0.873000026
2001,1,23,0.824000001
2001,1,24,0.656000018
2001,1,25,0.216999993
2001,1,26,-0.097999997
2001,1,27,-0.165999994
2001,1,28,-0.261999995
2001,1,29,-0.133000001
2001,1,30,0.072999999
2001,1,31,0.531000018
2001,2,1,0.600000024
2001,2,2,0.451999992
2001,2,3,0.479999989
2001,2,4,0.428000003
2001,2,5,0.194999993
2001,2,6,-0.218999997
2001,2,7,-0.541999996
2001,2,8,-0.795000017
2001,2,9,-0.82099998
2001,2,10,-0.528999984
2001,2,11,-0.097999997
2001,2,12,0.191
2001,2,13,0.268999994
2001,2,14,-0.033
2001,2,15,-0.037999999
2001,2,16,0.204999998
2001,2,17,0.742999971
2001,2,18,0.970000029
2001,2,19,0.899999976
2001,2,20,0.769999981
2001,2,21,0.579999983
2001,2,22,0.412
2001,2,23,0.331999987
2001,2,24,0.026000001
2001,2,25,0.083999999
2001,2,26,0.564999998
2001,2,27,0.772000015
2001,2,28,0.340999991
2001,3,1,0.270000011
2001,3,2,0.209999993
2001,3,3,0.338
2001,3,4,0.483999997
2001,3,5,0.790000021
2001,3,6,1.17900002
2001,3,7,1.217000008
2001,3,8,0.939999998
2001,3,9,0.652999997
2001,3,10,0.476000011
2001,3,11,0.381999999
2001,3,12,0.134000003
2001,3,13,-0.165999994
2001,3,14,-0.128999993
2001,3,15,-0.037
2001,3,16,-0.162
2001,3,17,-0.172999993
2001,3,18,-0.101000004
2001,3,19,0.074000001
2001,3,20,-0.129999995
2001,3,21,-0.510999978
2001,3,22,-0.635999978
2001,3,23,-0.375
2001,3,24,0.090999998
2001,3,25,0.335000008
2001,3,26,0.536000013
2001,3,27,0.578000009
2001,3,28,0.504999995
2001,3,29,0.305000007
2001,3,30,0.199000001
2001,3,31,0.356999993
2001,4,1,0.372000009
2001,11,1,0.495999992
2001,11,2,0.266000003
2001,11,3,0.222000003
2001,11,4,0.419
2001,11,5,0.307000011
2001,11,6,0.104000002
2001,11,7,-0.136999995
2001,11,8,0.104000002
2001,11,9,0.194000006
2001,11,10,0.460000008
2001,11,11,0.677999973
2001,11,12,0.589999974
2001,11,13,0.601999998
2001,11,14,1.128000021
2001,11,15,1.582999945
2001,11,16,1.671000004
2001,11,17,1.508000016
2001,11,18,1.491999984
2001,11,19,1.549000025
2001,11,20,1.569000006
2001,11,21,1.274999976
2001,11,22,0.920000017
2001,11,23,0.549000025
2001,11,24,0.112999998
2001,11,25,-0.363000005
2001,11,26,-0.451999992
2001,11,27,-0.193000004
2001,11,28,0.046
2001,11,29,-0.155000001
2001,11,30,-0.363000005
2001,12,1,-0.717999995
2001,12,2,-0.83099997
2001,12,3,-0.964999974
2001,12,4,-0.984000027
2001,12,5,-0.791000009
2001,12,6,-0.662
2001,12,7,0.041999999
2001,12,8,0.483999997
2001,12,9,0.31400001
2001,12,10,0.017000001
2001,12,11,-0.027000001
2001,12,12,-0.123999998
2001,12,13,-0.354000002
2001,12,14,-0.317000002
2001,12,15,0.059
2001,12,16,0.169
2001,12,17,0.177000001
2001,12,18,0.287999988
2001,12,19,0.463
2001,12,20,0.583000004
2001,12,21,0.656000018
2001,12,22,0.588999987
2001,12,23,0.962000012
2001,12,24,1.192000031
2001,12,25,1.231999993
2001,12,26,1.286999941
2001,12,27,1.159000039
2001,12,28,1.034000039
2001,12,29,0.718999982
2001,12,30,0.566999972
2001,12,31,0.721000016
2002,1,1,1.075000048
2002,1,2,1.15199995
2002,1,3,1.218999982
2002,1,4,1.608999968
2002,1,5,1.575999975
2002,1,6,1.567999959
2002,1,7,1.532999992
2002,1,8,1.22300005
2002,1,9,0.989000022
2002,1,10,0.941999972
2002,1,11,0.879999995
2002,1,12,0.791999996
2002,1,13,0.638000011
2002,1,14,0.416000009
2002,1,15,-0.021
2002,1,16,-0.126000002
2002,1,17,-0.199000001
2002,1,18,-0.663999975
2002,1,19,-1.18900001
2002,1,20,-1.549999952
2002,1,21,-1.603999972
2002,1,22,-1.649999976
2002,1,23,-1.782999992
2002,1,24,-1.70599997
2002,1,25,-1.519999981
2002,1,26,-1.578999996
2002,1,27,-1.626999974
2002,1,28,-1.470000029
2002,1,29,-1.024000049
2002,1,30,-0.592000008
2002,1,31,-0.287999988
2002,2,1,-0.216000006
2002,2,2,-0.035999998
2002,2,3,0.234999999
2002,2,4,0.317999989
2002,2,5,0.109999999
2002,2,6,-0.177000001
2002,2,7,-0.323000014
2002,2,8,-0.344999999
2002,2,9,0.104999997
2002,2,10,0.419999987
2002,2,11,0.356999993
2002,2,12,0.524999976
2002,2,13,0.725000024
2002,2,14,0.797999978
2002,2,15,0.874000013
2002,2,16,0.862999976
2002,2,17,0.455000013
2002,2,18,0.111000001
2002,2,19,-0.001
2002,2,20,-0.017999999
2002,2,21,0.368999988
2002,2,22,0.395000011
2002,2,23,0.287999988
2002,2,24,0.206
2002,2,25,0.211999997
2002,2,26,0.082000002
2002,2,27,-0.131999999
2002,2,28,-0.400000006
2002,3,1,-1.217000008
2002,3,2,-0.843999982
2002,3,3,-0.640999973
2002,3,4,-0.763999999
2002,3,5,-0.725000024
2002,3,6,-0.674000025
2002,3,7,-0.702000022
2002,3,8,-0.462000012
2002,3,9,-0.089000002
2002,3,10,0.185000002
2002,3,11,0.237000003
2002,3,12,0.061999999
2002,3,13,-0.189999998
2002,3,14,-0.513000011
2002,3,15,-0.862999976
2002,3,16,-1.021999955
2002,3,17,-1.001999974
2002,3,18,-0.787
2002,3,19,-0.458999991
2002,3,20,-0.301999986
2002,3,21,-0.437000006
2002,3,22,-0.34799999
2002,3,23,-0.42899999
2002,3,24,-0.388000011
2002,3,25,-0.224999994
2002,3,26,-0.469999999
2002,3,27,-0.601000011
2002,3,28,-0.842000008
2002,3,29,-0.984000027
2002,3,30,-0.89200002
2002,3,31,-0.867999971
2002,4,1,-0.745999992
2002,11,1,0.144999996
2002,11,2,0.250999987
2002,11,3,0.717000008
2002,11,4,1.003999949
2002,11,5,1.294999957
2002,11,6,1.335999966
2002,11,7,0.971000016
2002,11,8,0.432000011
2002,11,9,-0.195999995
2002,11,10,-0.238000005
2002,11,11,-0.017999999
2002,11,12,0.254999995
2002,11,13,0.425000012
2002,11,14,0.592999995
2002,11,15,0.953999996
2002,11,16,1.177999973
2002,11,17,1.202000022
2002,11,18,0.901000023
2002,11,19,0.968999982
2002,11,20,1.30400002
2002,11,21,1.373999953
2002,11,22,1.325999975
2002,11,23,1.059999943
2002,11,24,0.837000012
2002,11,25,0.913999975
2002,11,26,1.039999962
2002,11,27,1.074000001
2002,11,28,0.985000014
2002,11,29,0.788999975
2002,11,30,0.725000024
2002,12,1,1.067000031
2002,12,2,1.008000016
2002,12,3,0.944000006
2002,12,4,0.748000026
2002,12,5,0.671999991
2002,12,6,0.731000006
2002,12,7,0.768999994
2002,12,8,1.141000032
2002,12,9,1.271999955
2002,12,10,1.246999979
2002,12,11,1.425999999
2002,12,12,1.76699996
2002,12,13,1.919999957
2002,12,14,1.690999985
2002,12,15,1.45599997
2002,12,16,1.034000039
2002,12,17,0.629000008
2002,12,18,0.426999986
2002,12,19,0.254999995
2002,12,20,0.296000004
2002,12,21,0.588
2002,12,22,0.873000026
2002,12,23,0.953000009
2002,12,24,0.736999989
2002,12,25,0.690999985
2002,12,26,0.419
2002,12,27,0.388000011
2002,12,28,0.497999996
2002,12,29,0.542999983
2002,12,30,0.490999997
2002,12,31,0.555000007
2003,1,1,0.800000012
2003,1,2,1.001000047
2003,1,3,1.085999966
2003,1,4,1.052999973
2003,1,5,1.230000019
2003,1,6,1.389999986
2003,1,7,1.156000018
2003,1,8,0.736999989
2003,1,9,0.611999989
2003,1,10,0.485000014
2003,1,11,0.338
2003,1,12,0.254999995
2003,1,13,0.323000014
2003,1,14,0.351999998
2003,1,15,0.423999995
2003,1,16,0.577000022
2003,1,17,0.95599997
2003,1,18,1.152999997
2003,1,19,0.97299999
2003,1,20,0.578999996
2003,1,21,0.437000006
2003,1,22,0.569999993
2003,1,23,0.750999987
2003,1,24,0.781000018
2003,1,25,1
2003,1,26,0.996999979
2003,1,27,0.395000011
2003,1,28,-0.074000001
2003,1,29,-0.02
2003,1,30,0.144999996
2003,1,31,0.419999987
2003,2,1,0.342999995
2003,2,2,0.294
2003,2,3,0.303000003
2003,2,4,0.474999994
2003,2,5,0.717999995
2003,2,6,0.781000018
2003,2,7,0.726999998
2003,2,8,0.453000009
2003,2,9,0.238999993
2003,2,10,0.256999999
2003,2,11,0.284000009
2003,2,12,0.307000011
2003,2,13,0.321999997
2003,2,14,0.518000007
2003,2,15,0.702000022
2003,2,16,0.640999973
2003,2,17,0.638999999
2003,2,18,0.698000014
2003,2,19,0.714999974
2003,2,20,0.653999984
2003,2,21,0.708000004
2003,2,22,1.02699995
2003,2,23,1.113000035
2003,2,24,0.882000029
2003,2,25,0.602999985
2003,2,26,0.597000003
2003,2,27,0.552999973
2003,2,28,0.476999998
2003,3,1,-0.381999999
2003,3,2,-0.694999993
2003,3,3,-1.110000014
2003,3,4,-1.883000016
2003,3,5,-2.230000019
2003,3,6,-1.914000034
2003,3,7,-1.416000009
2003,3,8,-1.02699995
2003,3,9,-0.813000023
2003,3,10,-0.321999997
2003,3,11,-0.331999987
2003,3,12,-0.201000005
2003,3,13,0.504999995
2003,3,14,1.116999984
2003,3,15,1.251000047
2003,3,16,1.217000008
2003,3,17,1.389999986
2003,3,18,1.559999943
2003,3,19,1.424999952
2003,3,20,1.024000049
2003,3,21,0.842999995
2003,3,22,0.740999997
2003,3,23,0.80400002
2003,3,24,0.865999997
2003,3,25,0.610000014
2003,3,26,0.333999991
2003,3,27,0.405000001
2003,3,28,0.416999996
2003,3,29,-0.024
2003,3,30,-0.230000004
2003,3,31,-0.497999996
2003,4,1,-0.920000017
2003,11,1,-1.968000054
2003,11,2,-1.773000002
2003,11,3,-1.656000018
2003,11,4,-1.350000024
2003,11,5,-1.172000051
2003,11,6,-0.953000009
2003,11,7,-0.428000003
2003,11,8,-0.243000001
2003,11,9,-0.324000001
2003,11,10,-0.637000024
2003,11,11,-0.582000017
2003,11,12,-0.310000002
2003,11,13,0.123999998
2003,11,14,0.368000001
2003,11,15,0.171000004
2003,11,16,-0.171000004
2003,11,17,-0.549000025
2003,11,18,-0.851000011
2003,11,19,-1.18599999
2003,11,20,-1.353999972
2003,11,21,-1.320000052
2003,11,22,-1.391000032
2003,11,23,-1.207999945
2003,11,24,-1.277999997
2003,11,25,-1.644999981
2003,11,26,-1.450000048
2003,11,27,-0.841000021
2003,11,28,-0.518000007
2003,11,29,-0.610000014
2003,11,30,-0.704999983
2003,12,1,-0.116999999
2003,12,2,0.389999986
2003,12,3,0.476000011
2003,12,4,0.69599998
2003,12,5,0.783999979
2003,12,6,0.63499999
2003,12,7,0.546999991
2003,12,8,0.808000028
2003,12,9,1.008000016
2003,12,10,1.125
2003,12,11,1.021999955
2003,12,12,0.808000028
2003,12,13,0.683000028
2003,12,14,0.529999971
2003,12,15,0.389999986
2003,12,16,0.323000014
2003,12,17,0.423000008
2003,12,18,0.684000015
2003,12,19,0.980000019
2003,12,20,0.91900003
2003,12,21,0.675000012
2003,12,22,0.740999997
2003,12,23,0.762000024
2003,12,24,0.514999986
2003,12,25,0.050999999
2003,12,26,-0.409000009
2003,12,27,-0.518000007
2003,12,28,-0.317000002
2003,12,29,-0.204999998
2003,12,30,-0.35800001
2003,12,31,-0.748000026
2004,1,1,-1.343000054
2004,1,2,-1.690000057
2004,1,3,-1.736999989
2004,1,4,-1.432000041
2004,1,5,-0.878000021
2004,1,6,-0.474999994
2004,1,7,-0.165000007
2004,1,8,0.153999999
2004,1,9,0.646000028
2004,1,10,0.90200001
2004,1,11,0.721000016
2004,1,12,0.351999998
2004,1,13,0.054000001
2004,1,14,0.056000002
2004,1,15,0.305000007
2004,1,16,0.363999993
2004,1,17,0.381000012
2004,1,18,0.578999996
2004,1,19,0.749000013
2004,1,20,0.671999991
2004,1,21,0.589999974
2004,1,22,0.50999999
2004,1,23,0.5
2004,1,24,0.312000006
2004,1,25,0.224999994
2004,1,26,0.164000005
2004,1,27,0.127000004
2004,1,28,0.228
2004,1,29,0.368999988
2004,1,30,0.40200001
2004,1,31,0.363000005
2004,2,1,0.286000013
2004,2,2,0.160999998
2004,2,3,0.030999999
2004,2,4,0.195999995
2004,2,5,0.592999995
2004,2,6,0.638000011
2004,2,7,0.788999975
2004,2,8,0.926999986
2004,2,9,1.067999959
2004,2,10,1.402999997
2004,2,11,1.583999991
2004,2,12,1.496999979
2004,2,13,1.483999968
2004,2,14,1.416000009
2004,2,15,1.416000009
2004,2,16,1.386000037
2004,2,17,1.27699995
2004,2,18,1.347000003
2004,2,19,1.327000022
2004,2,20,1.120000005
2004,2,21,0.839999974
2004,2,22,0.458999991
2004,2,23,0.284000009
2004,2,24,0.333999991
2004,2,25,0.238000005
2004,2,26,-0.006
2004,2,27,-0.085000001
2004,2,28,0.054000001
2004,2,29,-0.178000003
2004,3,1,-0.231999993
2004,3,2,-0.340999991
2004,3,3,-0.589999974
2004,3,4,-0.639999986
2004,3,5,-0.275000006
2004,3,6,-0.011
2004,3,7,0.549000025
2004,3,8,1.110000014
2004,3,9,1.213000059
2004,3,10,0.824000001
2004,3,11,0.65200001
2004,3,12,0.425000012
2004,3,13,0.226999998
2004,3,14,-0.002
2004,3,15,-0.241999999
2004,3,16,-0.49000001
2004,3,17,-0.615999997
2004,3,18,-0.819000006
2004,3,19,-0.912
2004,3,20,-0.70599997
2004,3,21,-0.435000002
2004,3,22,-0.449999988
2004,3,23,-0.59799999
2004,3,24,-0.532000005
2004,3,25,-0.186000004
2004,3,26,0.289000005
2004,3,27,0.584999979
2004,3,28,0.922999978
2004,3,29,1.276000023
2004,3,30,1.51699996
2004,3,31,1.24000001
2004,11,1,0.100000001
2004,11,2,0.289999992
2004,11,3,0.164000005
2004,11,4,-0.068000004
2004,11,5,-0.194000006
2004,11,6,-0.158999994
2004,11,7,-0.028999999
2004,11,8,0.077
2004,11,9,-0.083999999
2004,11,10,-0.074000001
2004,11,11,-0.050000001
2004,11,12,0.094999999
2004,11,13,0.345999986
2004,11,14,0.688000023
2004,11,15,0.671999991
2004,11,16,0.423000008
2004,11,17,0.56400001
2004,11,18,0.485000014
2004,11,19,0.460999995
2004,11,20,0.584999979
2004,11,21,0.358999997
2004,11,22,0.128999993
2004,11,23,0.275000006
2004,11,24,0.596000016
2004,11,25,0.476999998
2004,11,26,0.097000003
2004,11,27,-0.074000001
2004,11,28,-0.088
2004,11,29,-0.259000003
2004,11,30,-0.379999995
2004,12,1,0.135000005
2004,12,2,0.272000015
2004,12,3,0.025
2004,12,4,-0.160999998
2004,12,5,-0.039000001
2004,12,6,0.187000006
2004,12,7,0.109999999
2004,12,8,0.122000001
2004,12,9,0.59799999
2004,12,10,1.175999999
2004,12,11,1.347000003
2004,12,12,1.447999954
2004,12,13,1.411999941
2004,12,14,1.281999946
2004,12,15,1.156000018
2004,12,16,1.041000009
2004,12,17,0.776000023
2004,12,18,0.741999984
2004,12,19,0.42899999
2004,12,20,-0.018999999
2004,12,21,-0.180999994
2004,12,22,0.035999998
2004,12,23,-0.158999994
2004,12,24,-0.497000009
2004,12,25,-0.634000003
2004,12,26,-0.556999981
2004,12,27,-0.741999984
2004,12,28,-1.054999948
2004,12,29,-0.925000012
2004,12,30,-0.736000001
2004,12,31,-0.628000021
2005,1,1,-0.851999998
2005,1,2,-0.971000016
2005,1,3,-0.842000008
2005,1,4,-0.75999999
2005,1,5,-0.986000001
2005,1,6,-1.243999958
2005,1,7,-1.447000027
2005,1,8,-1.531000018
2005,1,9,-1.156999946
2005,1,10,-0.865999997
2005,1,11,-0.61500001
2005,1,12,-0.349999994
2005,1,13,-0.115999997
2005,1,14,-0.017000001
2005,1,15,0.118000001
2005,1,16,0.228
2005,1,17,0.241999999
2005,1,18,0.354999989
2005,1,19,0.505999982
2005,1,20,0.559000015
2005,1,21,0.819000006
2005,1,22,1.179999948
2005,1,23,1.379999995
2005,1,24,1.294999957
2005,1,25,1.09800005
2005,1,26,0.915000021
2005,1,27,0.754000008
2005,1,28,0.460000008
2005,1,29,0.246999994
2005,1,30,0.172999993
2005,1,31,0.153999999
2005,2,1,0.159999996
2005,2,2,0.135000005
2005,2,3,0.209999993
2005,2,4,0.096000001
2005,2,5,0.046
2005,2,6,-0.032000002
2005,2,7,-0.130999997
2005,2,8,-0.01
2005,2,9,0.083999999
2005,2,10,0.224999994
2005,2,11,0.411000013
2005,2,12,0.490999997
2005,2,13,0.648000002
2005,2,14,0.665000021
2005,2,15,0.665000021
2005,2,16,0.388000011
2005,2,17,0.363999993
2005,2,18,0.361000001
2005,2,19,0.296000004
2005,2,20,0.026000001
2005,2,21,0.050999999
2005,2,22,0.199000001
2005,2,23,0.35800001
2005,2,24,0.233999997
2005,2,25,0.226999998
2005,2,26,0.512000024
2005,2,27,0.744000018
2005,2,28,0.901000023
2005,3,1,0.862999976
2005,3,2,1.057000041
2005,3,3,1.31099999
2005,3,4,1.182000041
2005,3,5,1.034999967
2005,3,6,0.827000022
2005,3,7,0.861000001
2005,3,8,0.975000024
2005,3,9,1.085999966
2005,3,10,0.93900001
2005,3,11,0.42899999
2005,3,12,-0.200000003
2005,3,13,-0.441000015
2005,3,14,-0.536000013
2005,3,15,-0.449999988
2005,3,16,-0.178000003
2005,3,17,0.059
2005,3,18,0.160999998
2005,3,19,0.092
2005,3,20,0.133000001
2005,3,21,0.504000008
2005,3,22,0.537
2005,3,23,0.156000003
2005,3,24,-0.037999999
2005,3,25,-0.165000007
2005,3,26,0.090000004
2005,3,27,0.337000012
2005,3,28,0.432999998
2005,3,29,0.563000023
2005,3,30,0.699999988
2005,3,31,0.730000019
2005,4,1,0.772000015
2005,11,1,-0.697000027
2005,11,2,-0.987999976
2005,11,3,-1.144999981
2005,11,4,-1.228000045
2005,11,5,-1.292999983
2005,11,6,-1.340999961
2005,11,7,-1.07099998
2005,11,8,-0.639999986
2005,11,9,-0.382999986
2005,11,10,-0.430000007
2005,11,11,-0.630999982
2005,11,12,-0.818000019
2005,11,13,-0.970000029
2005,11,14,-0.936999977
2005,11,15,-0.574000001
2005,11,16,-0.462000012
2005,11,17,-0.182999998
2005,11,18,0.180999994
2005,11,19,0.549000025
2005,11,20,0.425999999
2005,11,21,0.597000003
2005,11,22,0.985000014
2005,11,23,1.297999978
2005,11,24,1.111999989
2005,11,25,0.76700002
2005,11,26,0.143999994
2005,11,27,-0.261999995
2005,11,28,-0.58099997
2005,11,29,-1.093000054
2005,11,30,-1.258999944
2005,12,1,-1.011999965
2005,12,2,-0.609000027
2005,12,3,-0.453000009
2005,12,4,-0.301999986
2005,12,5,0.018999999
2005,12,6,0.499000013
2005,12,7,0.920000017
2005,12,8,0.851999998
2005,12,9,0.621999979
2005,12,10,0.727999985
2005,12,11,0.851999998
2005,12,12,0.702000022
2005,12,13,0.583999991
2005,12,14,0.879999995
2005,12,15,1.205000043
2005,12,16,1.235999942
2005,12,17,1.050999999
2005,12,18,0.791000009
2005,12,19,0.797999978
2005,12,20,1.161000013
2005,12,21,1.180999994
2005,12,22,0.841000021
2005,12,23,0.952000022
2005,12,24,1.274999976
2005,12,25,1.350999951
2005,12,26,1.27699995
2005,12,27,1.274000049
2005,12,28,1.263000011
2005,12,29,1.269999981
2005,12,30,1.013000011
2005,12,31,0.640999973
2006,1,1,0.465999991
2006,1,2,0.268000007
2006,1,3,0.039000001
2006,1,4,0.112000003
2006,1,5,0.453999996
2006,1,6,0.691999972
2006,1,7,0.488999993
2006,1,8,0.391000003
2006,1,9,0.358999997
2006,1,10,0.147
2006,1,11,-0.037999999
2006,1,12,0.071999997
2006,1,13,0.104999997
2006,1,14,0.050000001
2006,1,15,-0.122000001
2006,1,16,0.039999999
2006,1,17,0.112999998
2006,1,18,-0.082999997
2006,1,19,-0.157000005
2006,1,20,-0.165999994
2006,1,21,-0.068999998
2006,1,22,-0.041999999
2006,1,23,0.054000001
2006,1,24,0.448000014
2006,1,25,0.694999993
2006,1,26,0.458999991
2006,1,27,0.201000005
2006,1,28,0.016000001
2006,1,29,0.185000002
2006,1,30,0.479999989
2006,1,31,0.707000017
2006,2,1,0.703000009
2006,2,2,0.888999999
2006,2,3,1.154000044
2006,2,4,1.18900001
2006,2,5,1.299999952
2006,2,6,1.370000005
2006,2,7,1.226999998
2006,2,8,1.039000034
2006,2,9,1.245000005
2006,2,10,1.529999971
2006,2,11,1.657999992
2006,2,12,1.69599998
2006,2,13,1.337000012
2006,2,14,0.647000015
2006,2,15,-0.119000003
2006,2,16,-0.675999999
2006,2,17,-0.839999974
2006,2,18,-0.771000028
2006,2,19,-0.875999987
2006,2,20,-1.019000053
2006,2,21,-1.159000039
2006,2,22,-1.442000031
2006,2,23,-1.577999949
2006,2,24,-1.782999992
2006,2,25,-1.891000032
2006,2,26,-1.717000008
2006,2,27,-1.695000052
2006,2,28,-1.720999956
2006,3,1,-1.139999986
2006,3,2,-0.966000021
2006,3,3,-0.693000019
2006,3,4,-0.349000007
2006,3,5,-0.141000003
2006,3,6,0.050000001
2006,3,7,0.123999998
2006,3,8,-0.093000002
2006,3,9,-0.681999981
2006,3,10,-0.856999993
2006,3,11,-0.577000022
2006,3,12,-0.479000002
2006,3,13,-0.541999996
2006,3,14,-0.676999986
2006,3,15,-0.58099997
2006,3,16,-0.442000002
2006,3,17,-0.370000005
2006,3,18,-0.150000006
2006,3,19,-0.005
2006,3,20,-0.096000001
2006,3,21,-0.107000001
2006,3,22,-0.014
2006,3,23,0.236000001
2006,3,24,0.374000013
2006,3,25,0.389999986
2006,3,26,0.467999995
2006,3,27,0.266000003
2006,3,28,-0.142000005
2006,3,29,-0.052000001
2006,3,30,0.246000007
2006,3,31,0.216000006
2006,4,1,0.082999997
2006,11,1,-1.4091084
2006,11,2,-1.097998142
2006,11,3,-1.398848176
2006,11,4,-0.631288171
2006,11,5,-0.555669665
2006,11,6,-0.257544845
2006,11,7,-0.061634704
2006,11,8,-0.190311521
2006,11,9,-0.290991336
2006,11,10,-0.350541502
2006,11,11,-0.772143364
2006,11,12,-1.247842193
2006,11,13,-1.52456069
2006,11,14,-1.345392942
2006,11,15,-0.847683609
2006,11,16,-0.727315724
2006,11,17,-0.670204997
2006,11,18,-0.636235952
2006,11,19,-0.340065926
2006,11,20,-0.270777822
2006,11,21,-0.555709422
2006,11,22,-0.695141971
2006,11,23,-0.899804473
2006,11,24,-0.97906673
2006,11,25,-1.088973045
2006,11,26,-1.07020402
2006,11,27,-0.912539482
2006,11,28,-0.589657903
2006,11,29,-0.283138722
2006,11,30,-0.271500796
2006,12,1,0.109945111
2006,12,2,0.462639153
2006,12,3,0.758527875
2006,12,4,0.921376348
2006,12,5,1.058330894
2006,12,6,1.389092326
2006,12,7,1.608523369
2006,12,8,1.633153558
2006,12,9,1.421828508
2006,12,10,1.229367018
2006,12,11,1.117776632
2006,12,12,0.887226582
2006,12,13,0.669748724
2006,12,14,0.622570992
2006,12,15,0.545827746
2006,12,16,0.462196469
2006,12,17,0.469770223
2006,12,18,0.905878901
2006,12,19,1.41149056
2006,12,20,1.711820245
2006,12,21,1.670399666
2006,12,22,1.359927416
2006,12,23,1.176758051
2006,12,24,1.136815786
2006,12,25,1.179338813
2006,12,26,0.963816404
2006,12,27,0.64793694
2006,12,28,0.978481114
2006,12,29,1.068934321
2006,12,30,0.947791457
2006,12,31,0.872119844
2007,1,1,0.83389014
2007,1,2,0.756142855
2007,1,3,0.558632076
2007,1,4,0.175655574
2007,1,5,-0.171659753
2007,1,6,-0.438817978
2007,1,7,-0.315789133
2007,1,8,-0.12897639
2007,1,9,0.009686956
2007,1,10,0.057767972
2007,1,11,-0.019504696
2007,1,12,-0.148638755
2007,1,13,-0.114058331
2007,1,14,-0.026599666
2007,1,15,0.14510189
2007,1,16,0.307725132
2007,1,17,0.250842482
2007,1,18,0.081740759
2007,1,19,0.152582914
2007,1,20,0.349767894
2007,1,21,0.454565376
2007,1,22,0.56914115
2007,1,23,0.951113641
2007,1,24,1.207007289
2007,1,25,1.176625013
2007,1,26,
2007,1,27,0.724270403
2007,1,28,0.784796894
2007,1,29,1.025275826
2007,1,30,1.293234229
2007,1,31,1.30802238
2007,2,1,1.058367491
2007,2,2,0.918392003
2007,2,3,0.920176983
2007,2,4,0.866673291
2007,2,5,0.839466274
2007,2,6,0.70524931
2007,2,7,0.694083035
2007,2,8,0.680394709
2007,2,9,0.622470617
2007,2,10,0.371949077
2007,2,11,0.186026305
2007,2,12,0.501424789
2007,2,13,0.710967481
2007,2,14,0.657893419
2007,2,15,0.697175205
2007,2,16,0.683409095
2007,2,17,0.639204383
2007,2,18,0.15174365
2007,2,19,-0.586083353
2007,2,20,-0.91986686
2007,2,21,-1.068131924
2007,2,22,-1.214235783
2007,2,23,-1.15873754
2007,2,24,-1.242406964
2007,2,25,-1.209848642
2007,2,26,-0.995565236
2007,2,27,-1.026207805
2007,2,28,-1.183687568
2007,3,1,-0.869559824
2007,3,2,-0.715766311
2007,3,3,-0.546884835
2007,3,4,-0.569182217
2007,3,5,-0.443626106
2007,3,6,-0.105870157
2007,3,7,0.096411191
2007,3,8,0.095420748
2007,3,9,0.239636078
2007,3,10,0.375998884
2007,3,11,0.580181777
2007,3,12,0.299322516
2007,3,13,-0.307542115
2007,3,14,-0.576585531
2007,3,15,-0.482004315
2007,3,16,-0.167175293
2007,3,17,0.292224407
2007,3,18,0.209498718
2007,3,19,-0.27332595
2007,3,20,-0.16495268
2007,3,21,0.26921919
2007,3,22,0.473412901
2007,3,23,0.878207028
2007,3,24,1.049978733
2007,3,25,0.764538527
2007,3,26,0.602306485
2007,3,27,0.422445118
2007,3,28,0.462076157
2007,3,29,0.529969096
2007,3,30,0.346791983
2007,3,31,-0.106366292
2007,4,1,-0.371793777
2007,11,1,-0.173900366
2007,11,2,-0.15066658
2007,11,3,0.0590914
2007,11,4,0.344509393
2007,11,5,0.573557258
2007,11,6,0.768425405
2007,11,7,0.840575695
2007,11,8,0.879586995
2007,11,9,0.936833024
2007,11,10,1.106542468
2007,11,11,0.840296865
2007,11,12,0.543582916
2007,11,13,0.26770094
2007,11,14,0.38366428
2007,11,15,0.383211255
2007,11,16,0.442367017
2007,11,17,0.43011567
2007,11,18,0.171825916
2007,11,19,0.05540533
2007,11,20,0.345383018
2007,11,21,0.447297364
2007,11,22,0.551999569
2007,11,23,0.751303375
2007,11,24,0.743653953
2007,11,25,0.53595078
2007,11,26,0.187035024
2007,11,27,-0.192307249
2007,11,28,-0.177103549
2007,11,29,-0.452521473
2007,11,30,-0.452774018
2007,12,1,-0.193803504
2007,12,2,-0.507168353
2007,12,3,-0.001685349
2007,12,4,1.136355162
2007,12,5,1.361725211
2007,12,6,0.581542373
2007,12,7,-0.09869685
2007,12,8,-0.196809754
2007,12,9,-0.27208066
2007,12,10,-0.172038347
2007,12,11,-0.066937
2007,12,12,-0.184879005
2007,12,13,-0.453977674
2007,12,14,-0.604892135
2007,12,15,-0.491985202
2007,12,16,-0.278642625
2007,12,17,0.016449247
2007,12,18,0.203447923
2007,12,19,0.29923743
2007,12,20,0.443306208
2007,12,21,0.651588082
2007,12,22,0.833026528
2007,12,23,0.734923422
2007,12,24,0.419592857
2007,12,25,0.195839643
2007,12,26,0.141642928
2007,12,27,0.15964511
2007,12,28,-0.223399013
2007,12,29,-0.465795726
2007,12,30,-0.444348454
2007,12,31,-0.178306431
2008,1,1,0.21742171
2008,1,2,0.456369579
2008,1,3,0.240478456
2008,1,4,-0.42605117
2008,1,5,-0.738602221
2008,1,6,-0.741226971
2008,1,7,-0.660465419
2008,1,8,-0.629039705
2008,1,9,-0.442302883
2008,1,10,-0.209978089
2008,1,11,0.050877221
2008,1,12,0.323916048
2008,1,13,0.526537776
2008,1,14,0.515025437
2008,1,15,0.330669373
2008,1,16,0.298450768
2008,1,17,0.208235219
2008,1,18,0.247882172
2008,1,19,0.429765821
2008,1,20,0.479520947
2008,1,21,0.101447232
2008,1,22,-0.219387725
2008,1,23,-0.584866345
2008,1,24,-0.757544637
2008,1,25,-0.807212234
2008,1,26,-0.870484352
2008,1,27,-0.719058394
2008,1,28,-0.876801431
2008,1,29,-1.068134189
2008,1,30,-1.078654408
2008,1,31,-1.118460655
2008,2,1,-1.171924829
2008,2,2,-1.228439331
2008,2,3,-1.082726121
2008,2,4,-0.60653466
2008,2,5,-0.318120569
2008,2,6,-0.225662589
2008,2,7,-0.172960863
2008,2,8,0.057547521
2008,2,9,0.460694134
2008,2,10,0.616825759
2008,2,11,0.746805787
2008,2,12,0.761260808
2008,2,13,0.661265731
2008,2,14,0.774404228
2008,2,15,0.913509667
2008,2,16,1.179292202
2008,2,17,1.513330936
2008,2,18,1.646421194
2008,2,19,1.568312168
2008,2,20,1.53167069
2008,2,21,1.108651042
2008,2,22,0.651834249
2008,2,23,0.505540252
2008,2,24,0.300010353
2008,2,25,0.220598966
2008,2,26,0.717803657
2008,2,27,1.138396859
2008,2,28,0.98626864
2008,2,29,0.715963662
2008,3,1,0.554397166
2008,3,2,0.666552126
2008,3,3,0.42627281
2008,3,4,0.131958723
2008,3,5,0.391985923
2008,3,6,0.741977215
2008,3,7,1.2168293
2008,3,8,1.057480097
2008,3,9,0.738090277
2008,3,10,0.477834642
2008,3,11,0.326766163
2008,3,12,0.179925188
2008,3,13,-0.111793928
2008,3,14,-0.470213801
2008,3,15,-0.565113127
2008,3,16,-0.544582486
2008,3,17,-0.520833373
2008,3,18,-0.494022459
2008,3,19,-0.50680691
2008,3,20,-0.547297835
2008,3,21,-0.526317835
2008,3,22,-0.360660374
2008,3,23,-0.303393126
2008,3,24,-0.562236667
2008,3,25,-0.742954493
2008,3,26,-1.013766766
2008,3,27,-1.169519305
2008,3,28,-0.957282186
2008,3,29,-0.72504729
2008,3,30,-0.599255562
2008,3,31,-0.662986636
2008,11,1,0.220155925
2008,11,2,0.314368486
2008,11,3,0.317816138
2008,11,4,0.1257862
2008,11,5,0.395910978
2008,11,6,0.63020587
2008,11,7,0.697426617
2008,11,8,0.731703281
2008,11,9,0.923720717
2008,11,10,1.01974988
2008,11,11,1.000065565
2008,11,12,0.731141806
2008,11,13,0.25608018
2008,11,14,0.167350873
2008,11,15,0.095544584
2008,11,16,-0.017658282
2008,11,17,0.021232985
2008,11,18,0.013530092
2008,11,19,-0.019780023
2008,11,20,0.140961826
2008,11,21,0.480712473
2008,11,22,0.486020207
2008,11,23,0.635829926
2008,11,24,0.799179435
2008,11,25,0.923563361
2008,11,26,0.957776785
2008,11,27,0.931216776
2008,11,28,1.025890708
2008,11,29,0.866505325
2008,11,30,0.810469031
2008,12,1,0.991995394
2008,12,2,0.202361837
2008,12,3,0.047872391
2008,12,4,0.175038666
2008,12,5,-0.075670354
2008,12,6,-0.437739819
2008,12,7,-0.588030577
2008,12,8,-0.115669474
2008,12,9,0.310109079
2008,12,10,0.30195877
2008,12,11,-0.284564674
2008,12,12,-1.072061777
2008,12,13,-1.410976648
2008,12,14,-1.406552434
2008,12,15,-1.305390835
2008,12,16,-1.228766203
2008,12,17,-1.017148256
2008,12,18,-1.173136711
2008,12,19,-1.138560176
2008,12,20,-0.793763995
2008,12,21,-0.501028776
2008,12,22,-0.547282219
2008,12,23,-0.966565669
2008,12,24,-1.230115414
2008,12,25,-1.038627863
2008,12,26,-0.913157046
2008,12,27,-0.781981111
2008,12,28,-0.745703638
2008,12,29,-0.610357463
2008,12,30,-0.425863385
2008,12,31,-0.585754931
2009,1,1,-0.681173861
2009,1,2,-0.789216638
2009,1,3,-0.519935071
2009,1,4,-0.303525418
2009,1,5,-0.300378978
2009,1,6,0.139316976
2009,1,7,0.373001456
2009,1,8,0.368216157
2009,1,9,0.291128755
2009,1,10,0.172387794
2009,1,11,0.368271708
2009,1,12,0.78657335
2009,1,13,1.023554325
2009,1,14,1.234882593
2009,1,15,1.401903749
2009,1,16,1.301108837
2009,1,17,1.182228923
2009,1,18,1.002268672
2009,1,19,0.811705887
2009,1,20,0.797288418
2009,1,21,0.765144825
2009,1,22,0.269052148
2009,1,23,-0.297431558
2009,1,24,-0.609261334
2009,1,25,-0.675168097
2009,1,26,-0.643141568
2009,1,27,-0.792382419
2009,1,28,-0.709789395
2009,1,29,-0.264137059
2009,1,30,0.077363089
2009,1,31,-0.099072322
2009,2,1,-0.024467379
2009,2,2,0.180009231
2009,2,3,0.229750544
2009,2,4,0.061387774
2009,2,5,-0.184831932
2009,2,6,-0.368995875
2009,2,7,-0.522639632
2009,2,8,-0.575776219
2009,2,9,-0.577338994
2009,2,10,-0.722812474
2009,2,11,-0.614233613
2009,2,12,-0.616765499
2009,2,13,-0.549099743
2009,2,14,-0.503712118
2009,2,15,-0.204917684
2009,2,16,-0.009402079
2009,2,17,0.121075429
2009,2,18,0.238910213
2009,2,19,0.168897361
2009,2,20,-0.010001053
2009,2,21,-0.03507559
2009,2,22,-0.158199191
2009,2,23,-0.511667252
2009,2,24,-0.813591182
2009,2,25,-1.113661885
2009,2,26,-1.337943196
2009,2,27,-1.407783747
2009,2,28,-1.424748182
2009,3,1,-0.749626338
2009,3,2,-0.116961583
2009,3,3,-0.199649617
2009,3,4,-0.695467472
2009,3,5,-0.977222204
2009,3,6,-1.120809436
2009,3,7,-1.237918854
2009,3,8,-1.261930943
2009,3,9,-1.171638727
2009,3,10,-1.036547661
2009,3,11,-0.948068142
2009,3,12,-1.12467134
2009,3,13,-1.146050572
2009,3,14,-1.046779513
2009,3,15,-0.632947564
2009,3,16,-0.274889678
2009,3,17,-0.308145076
2009,3,18,-0.494081199
2009,3,19,-0.466593295
2009,3,20,-0.331264764
2009,3,21,-0.021579197
2009,3,22,0.065673597
2009,3,23,0.078873254
2009,3,24,0.077447198
2009,3,25,0.044157598
2009,3,26,0.153572038
2009,3,27,0.090665534
2009,3,28,0.029893972
2009,3,29,-0.036435585
2009,3,30,-0.059940036
2009,3,31,-0.231580123
2009,4,1,-0.221359685
2009,11,1,-0.071168385
2009,11,2,-0.091650501
2009,11,3,0.167237252
2009,11,4,0.411834151
2009,11,5,0.491077691
2009,11,6,0.162452891
2009,11,7,-0.330245942
2009,11,8,-0.610104918
2009,11,9,-0.834748089
2009,11,10,-0.839271724
2009,11,11,-0.572662532
2009,11,12,-0.521380365
2009,11,13,-0.582287848
2009,11,14,-0.479973942
2009,11,15,-0.535163999
2009,11,16,-0.568594754
2009,11,17,-0.377035022
2009,11,18,-0.306940824
2009,11,19,-0.055359304
2009,11,20,0.29545185
2009,11,21,0.567910969
2009,11,22,0.69244945
2009,11,23,0.799914181
2009,11,24,0.976582587
2009,11,25,1.082933784
2009,11,26,1.010564804
2009,11,27,0.869264007
2009,11,28,0.752608001
2009,11,29,0.694208145
2009,11,30,0.685830534
2009,12,1,1.137116432
2009,12,2,1.332396865
2009,12,3,0.969496846
2009,12,4,0.607962489
2009,12,5,0.722058892
2009,12,6,0.518048763
2009,12,7,-0.023038328
2009,12,8,-0.285593599
2009,12,9,-0.433413923
2009,12,10,-0.590066552
2009,12,11,-0.744899094
2009,12,12,-0.828822672
2009,12,13,-0.773457527
2009,12,14,-0.550397873
2009,12,15,-0.22415863
2009,12,16,0.055335637
2009,12,17,0.431315303
2009,12,18,0.66049546
2009,12,19,0.548515856
2009,12,20,0.564240754
2009,12,21,0.425075859
2009,12,22,0.383845896
2009,12,23,0.552226067
2009,12,24,0.458725989
2009,12,25,0.347951084
2009,12,26,0.289876074
2009,12,27,0.295169115
2009,12,28,0.280397326
2009,12,29,0.031106271
2009,12,30,-0.152514741
2009,12,31,-0.280882061
2010,1,1,-0.174161837
2010,1,2,0.116580755
2010,1,3,0.404644817
2010,1,4,0.713073134
2010,1,5,0.90637207
2010,1,6,1.138942719
2010,1,7,1.191875339
2010,1,8,1.30360496
2010,1,9,1.463570595
2010,1,10,1.366526842
2010,1,11,1.06794703
2010,1,12,0.706451535
2010,1,13,0.496289253
2010,1,14,0.884206951
2010,1,15,1.33812654
2010,1,16,1.311413169
2010,1,17,1.127182722
2010,1,18,0.788305938
2010,1,19,0.483776152
2010,1,20,0.232685551
2010,1,21,0.028745912
2010,1,22,-0.11502368
2010,1,23,-0.047984287
2010,1,24,0.155834228
2010,1,25,0.192041084
2010,1,26,0.136274919
2010,1,27,-0.07557717
2010,1,28,-0.21266748
2010,1,29,0.0516124
2010,1,30,0.491674513
2010,1,31,0.597186983
2010,2,1,0.49593839
2010,2,2,0.307321191
2010,2,3,0.255271316
2010,2,4,0.334732205
2010,2,5,0.597482204
2010,2,6,1.077046752
2010,2,7,1.221236467
2010,2,8,0.943608344
2010,2,9,0.710025311
2010,2,10,0.621791422
2010,2,11,0.765444636
2010,2,12,0.719611526
2010,2,13,0.686021268
2010,2,14,0.785284698
2010,2,15,0.896081388
2010,2,16,0.672009349
2010,2,17,0.646431744
2010,2,18,0.733208477
2010,2,19,0.531512439
2010,2,20,0.350738108
2010,2,21,0.169137448
2010,2,22,0.057279449
2010,2,23,-0.057107631
2010,2,24,-0.154825807
2010,2,25,-0.087485999
2010,2,26,-0.221050009
2010,2,27,-0.212336034
2010,2,28,-0.142434999
2010,3,1,0.912146151
2010,3,2,0.808107078
2010,3,3,0.737891555
2010,3,4,0.58732003
2010,3,5,0.598932028
2010,3,6,0.772890031
2010,3,7,0.672067583
2010,3,8,0.611590803
2010,3,9,0.963155806
2010,3,10,1.13153863
2010,3,11,1.26595819
2010,3,12,1.390008926
2010,3,13,1.485736132
2010,3,14,1.435007215
2010,3,15,1.327212453
2010,3,16,1.18081665
2010,3,17,1.071579099
2010,3,18,0.882424533
2010,3,19,0.663291633
2010,3,20,0.491294801
2010,3,21,0.282108396
2010,3,22,-0.00095951
2010,3,23,-0.026601464
2010,3,24,0.198764607
2010,3,25,0.273285955
2010,3,26,0.274215013
2010,3,27,0.841641426
2010,3,28,1.361424804
2010,3,29,1.218034863
2010,3,30,0.917769611
2010,3,31,0.76101613
2010,4,1,0.681145728
2010,11,1,1.36608541
2010,11,2,1.226659417
2010,11,3,1.269816756
2010,11,4,1.622310281
2010,11,5,1.408023
2010,11,6,0.888024867
2010,11,7,0.558860362
2010,11,8,0.632298529
2010,11,9,0.572260737
2010,11,10,0.65566498
2010,11,11,0.464172065
2010,11,12,0.194705307
2010,11,13,0.167918667
2010,11,14,-0.230881155
2010,11,15,-0.808153987
2010,11,16,-1.238755822
2010,11,17,-1.311409712
2010,11,18,-1.543334484
2010,11,19,-1.812993407
2010,11,20,-1.818637967
2010,11,21,-1.973995805
2010,11,22,-1.930886388
2010,11,23,-1.874721766
2010,11,24,-1.548428655
2010,11,25,-1.175071239
2010,11,26,-1.020994663
2010,11,27,-0.977084041
2010,11,28,-1.046277404
2010,11,29,-0.79451406
2010,11,30,-0.564940214
2010,12,1,-0.604706943
2010,12,2,-0.733928084
2010,12,3,-0.947143197
2010,12,4,-1.201188087
2010,12,5,-1.19205749
2010,12,6,-0.77258414
2010,12,7,-0.610317886
2010,12,8,-0.737582624
2010,12,9,-1.059315443
2010,12,10,-1.387202024
2010,12,11,-1.29188478
2010,12,12,-0.939637005
2010,12,13,-0.78737855
2010,12,14,-1.096783757
2010,12,15,-1.085123777
2010,12,16,-1.012928128
2010,12,17,-1.276478767
2010,12,18,-1.492668033
2010,12,19,-1.669689655
2010,12,20,-2.114233732
2010,12,21,-2.13051796
2010,12,22,-1.961216331
2010,12,23,-1.629816651
2010,12,24,-1.003771424
2010,12,25,-0.455511957
2010,12,26,-0.284254551
2010,12,27,-0.116565578
2010,12,28,-0.100006469
2010,12,29,-0.231967643
2010,12,30,-0.040320553
2010,12,31,-0.022280632
2011,1,1,0.050996773
2011,1,2,0.335134208
2011,1,3,0.546946466
2011,1,4,0.464240372
2011,1,5,0.104366779
2011,1,6,0.097845905
2011,1,7,0.147832364
2011,1,8,-0.063227236
2011,1,9,-0.222081468
2011,1,10,-0.309201539
2011,1,11,-0.569536626
2011,1,12,-0.442318916
2011,1,13,-0.04274207
2011,1,14,0.560295641
2011,1,15,1.040338635
2011,1,16,1.12614274
2011,1,17,1.136695504
2011,1,18,0.850809515
2011,1,19,0.831327736
2011,1,20,0.939282537
2011,1,21,0.874341428
2011,1,22,1.060846448
2011,1,23,1.204695582
2011,1,24,1.110105991
2011,1,25,1.097866654
2011,1,26,1.23336041
2011,1,27,1.291883707
2011,1,28,1.120161891
2011,1,29,0.822864532
2011,1,30,0.688144386
2011,1,31,0.773639858
2011,2,1,0.907719731
2011,2,2,0.683095157
2011,2,3,0.381332248
2011,2,4,0.040889375
2011,2,5,-0.067849845
2011,2,6,-0.0163834
2011,2,7,-0.075479046
2011,2,8,-0.08243081
2011,2,9,-0.213928327
2011,2,10,-0.114978909
2011,2,11,-0.300805748
2011,2,12,-0.647137463
2011,2,13,-0.992523551
2011,2,14,-1.226935983
2011,2,15,-1.40399003
2011,2,16,-1.55511415
2011,2,17,-1.607781053
2011,2,18,-1.4401685
2011,2,19,-1.212941408
2011,2,20,-1.383531332
2011,2,21,-1.454170942
2011,2,22,-1.332128763
2011,2,23,-1.218562961
2011,2,24,-1.216044426
2011,2,25,-1.323335648
2011,2,26,-1.462733388
2011,2,27,-1.085253835
2011,2,28,-0.845288932
2011,3,1,-0.71240133
2011,3,2,-0.30483228
2011,3,3,0.082522765
2011,3,4,0.174778461
2011,3,5,0.361029983
2011,3,6,0.672232509
2011,3,7,0.710865855
2011,3,8,0.395756602
2011,3,9,0.349294692
2011,3,10,0.571671128
2011,3,11,0.712974846
2011,3,12,0.574592829
2011,3,13,0.644670725
2011,3,14,0.912196159
2011,3,15,1.155173302
2011,3,16,1.034292221
2011,3,17,0.740302563
2011,3,18,0.28053838
2011,3,19,-0.097051963
2011,3,20,-0.054033648
2011,3,21,0.21411477
2011,3,22,0.433531046
2011,3,23,0.42516467
2011,3,24,0.308003634
2011,3,25,0.208575904
2011,3,26,0.38551107
2011,3,27,0.681505978
2011,3,28,0.906269312
2011,3,29,0.940668404
2011,3,30,0.774845779
2011,3,31,0.588782907
2011,4,1,0.427186877
2011,11,1,-0.82957685
2011,11,2,-1.173733234
2011,11,3,-0.9547925
2011,11,4,-0.573186636
2011,11,5,-0.6874277
2011,11,6,-0.469946712
2011,11,7,-0.446293771
2011,11,8,-0.211192101
2011,11,9,-0.083419591
2011,11,10,-0.158477262
2011,11,11,-0.452948332
2011,11,12,-0.707957923
2011,11,13,-1.153889537
2011,11,14,-1.279157519
2011,11,15,-1.166856766
2011,11,16,-1.036448121
2011,11,17,-1.057151556
2011,11,18,-1.166897893
2011,11,19,-1.323636651
2011,11,20,-1.027179599
2011,11,21,-0.679344773
2011,11,22,-0.0811093
2011,11,23,0.147741318
2011,11,24,0.153274968
2011,11,25,0.159311265
2011,11,26,0.572947621
2011,11,27,0.786940515
2011,11,28,0.654214323
2011,11,29,0.363673389
2011,11,30,0.205915168
2011,12,1,0.428310007
2011,12,2,-0.092202559
2011,12,3,-0.234931946
2011,12,4,0.00973091
2011,12,5,0.168382734
2011,12,6,-0.354109854
2011,12,7,-0.42746824
2011,12,8,-0.197354883
2011,12,9,-0.074643217
2011,12,10,0.117344134
2011,12,11,0.368399352
2011,12,12,0.441607237
2011,12,13,0.206476629
2011,12,14,0.175947651
2011,12,15,0.247191623
2011,12,16,0.3087762
2011,12,17,0.436510831
2011,12,18,0.562819421
2011,12,19,0.488150001
2011,12,20,0.394328147
2011,12,21,0.292609632
2011,12,22,0.267476827
2011,12,23,0.143025786
2011,12,24,0.11384137
2011,12,25,0.283546209
2011,12,26,0.541279316
2011,12,27,0.771481693
2011,12,28,0.874847114
2011,12,29,0.812746286
2011,12,30,0.589411139
2011,12,31,0.387130946
2012,1,1,0.497370899
2012,1,2,0.864969492
2012,1,3,0.829336286
2012,1,4,0.738779902
2012,1,5,0.517268598
2012,1,6,0.43777898
2012,1,7,0.575982392
2012,1,8,0.728265703
2012,1,9,0.690627575
2012,1,10,0.499016792
2012,1,11,0.368445218
2012,1,12,0.361103058
2012,1,13,0.33403641
2012,1,14,0.106166489
2012,1,15,-0.232415974
2012,1,16,-0.539376736
2012,1,17,-0.605113983
2012,1,18,-0.415823698
2012,1,19,-0.295924872
2012,1,20,-0.338582963
2012,1,21,-0.547250628
2012,1,22,-0.614003599
2012,1,23,-0.582245231
2012,1,24,-0.313810855
2012,1,25,-0.092968404
2012,1,26,0.111444853
2012,1,27,0.56156224
2012,1,28,1.063504696
2012,1,29,0.987982929
2012,1,30,0.772115767
2012,1,31,0.7423563
2012,2,1,0.95681566
2012,2,2,1.080654144
2012,2,3,1.071231842
2012,2,4,1.012663484
2012,2,5,1.106536388
2012,2,6,1.187352777
2012,2,7,0.947091401
2012,2,8,0.962233126
2012,2,9,1.424711227
2012,2,10,1.57691288
2012,2,11,1.451561928
2012,2,12,1.291786313
2012,2,13,1.045154572
2012,2,14,0.896412313
2012,2,15,0.858043492
2012,2,16,0.826860011
2012,2,17,0.673814237
2012,2,18,0.561627328
2012,2,19,0.556120336
2012,2,20,0.598796904
2012,2,21,0.458853275
2012,2,22,0.310063601
2012,2,23,0.139903158
2012,2,24,0.010306013
2012,2,25,-0.146742091
2012,2,26,-0.212034777
2012,2,27,-0.488554776
2012,2,28,-0.645862579
2012,2,29,-0.573071897
2012,3,1,-0.839551687
2012,3,2,-0.666827381
2012,3,3,-0.749632299
2012,3,4,-0.770660996
2012,3,5,-0.952741921
2012,3,6,-1.19373858
2012,3,7,-1.051732659
2012,3,8,-0.776679695
2012,3,9,-0.362938911
2012,3,10,-0.2434939
2012,3,11,-0.103672959
2012,3,12,0.017419187
2012,3,13,0.357109785
2012,3,14,0.715901077
2012,3,15,0.901689827
2012,3,16,0.72772634
2012,3,17,0.474943608
2012,3,18,0.481980354
2012,3,19,0.746976376
2012,3,20,0.750152111
2012,3,21,0.273104459
2012,3,22,0.163740858
2012,3,23,0.136841565
2012,3,24,0.0990448
2012,3,25,0.199818209
2012,3,26,0.429685891
2012,3,27,0.713296711
2012,3,28,0.966855586
2012,3,29,1.084541202
2012,3,30,0.959880233
2012,3,31,0.509864509
2012,11,1,0.312648296
2012,11,2,0.378747433
2012,11,3,0.350335598
2012,11,4,0.358039439
2012,11,5,0.055119377
2012,11,6,-0.417947829
2012,11,7,-0.692869663
2012,11,8,-0.623269856
2012,11,9,-0.318409741
2012,11,10,-0.443674266
2012,11,11,-0.7013309
2012,11,12,-0.907457948
2012,11,13,-0.753135145
2012,11,14,-0.633085728
2012,11,15,-0.741762877
2012,11,16,-0.758546174
2012,11,17,-0.64507997
2012,11,18,-0.601303816
2012,11,19,-0.465532124
2012,11,20,-0.384569585
2012,11,21,-0.535106719
2012,11,22,-0.400689125
2012,11,23,-0.366178632
2012,11,24,-0.49061203
2012,11,25,-0.684104443
2012,11,26,-0.989036977
2012,11,27,-1.115753651
2012,11,28,-1.07189095
2012,11,29,-1.054661155
2012,11,30,-1.041108727
2012,12,1,-1.184324741
2012,12,2,-1.345569849
2012,12,3,-1.162048221
2012,12,4,-1.024670482
2012,12,5,-0.853113592
2012,12,6,-0.736876547
2012,12,7,-0.806737006
2012,12,8,-0.649626076
2012,12,9,-0.509422064
2012,12,10,-0.780115187
2012,12,11,-0.879744411
2012,12,12,-0.801683486
2012,12,13,-0.779053807
2012,12,14,-0.613746285
2012,12,15,-0.570657909
2012,12,16,-0.535185039
2012,12,17,-0.689701855
2012,12,18,-1.068729281
2012,12,19,-1.392262697
2012,12,20,-1.241783977
2012,12,21,-0.845818043
2012,12,22,-0.564750254
2012,12,23,-0.58288765
2012,12,24,-0.073164895
2012,12,25,0.441245407
2012,12,26,0.483665913
2012,12,27,0.504464626
2012,12,28,0.572511196
2012,12,29,0.7740345
2012,12,30,0.604608178
2012,12,31,0.489168286
2013,1,1,0.83653003
2013,1,2,1.367860198
2013,1,3,1.360858083
2013,1,4,1.226597667
2013,1,5,0.989474475
2013,1,6,0.785771847
2013,1,7,0.599784136
2013,1,8,0.284014165
2013,1,9,-0.158315673
2013,1,10,-0.366819352
2013,1,11,-0.488149077
2013,1,12,-0.619837761
2013,1,13,-0.485625118
2013,1,14,-0.297340274
2013,1,15,0.019333964
2013,1,16,0.277857155
2013,1,17,0.326585919
2013,1,18,0.238661557
2013,1,19,0.44045192
2013,1,20,0.612271249
2013,1,21,0.663259447
2013,1,22,0.566332102
2013,1,23,0.405325234
2013,1,24,0.146706015
2013,1,25,-0.11869131
2013,1,26,-0.219539836
2013,1,27,-0.36105606
2013,1,28,-0.322942376
2013,1,29,0.031172005
2013,1,30,0.270001352
2013,1,31,0.28706044
2013,2,1,0.28400442
2013,2,2,0.357195556
2013,2,3,0.468003988
2013,2,4,0.347962111
2013,2,5,0.512301803
2013,2,6,0.510340631
2013,2,7,0.469810992
2013,2,8,0.364371032
2013,2,9,0.402576536
2013,2,10,0.403326154
2013,2,11,0.291191936
2013,2,12,0.353109509
2013,2,13,0.321631342
2013,2,14,0.523338616
2013,2,15,0.581596315
2013,2,16,0.578646243
2013,2,17,0.402965546
2013,2,18,0.181491181
2013,2,19,0.059746891
2013,2,20,0.623385906
2013,2,21,0.190794766
2013,2,22,0.179523125
2013,2,23,0.417708755
2013,2,24,0.623385906
2013,2,25,0.750015318
2013,2,26,0.931978285
2013,2,27,1.137319684
2013,2,28,1.250205636
2013,3,1,1.397720218
2013,3,2,1.14402318
2013,3,3,0.860388339
2013,3,4,-0.366355628
2013,3,5,0.290843219
2013,3,6,0.399973541
2013,3,7,0.679050624
2013,3,8,0.555607557
2013,3,9,0.198717609
2013,3,10,-0.086265847
2013,3,11,-0.585558236
2013,3,12,-0.629983664
2013,3,13,-0.339523673
2013,3,14,0.035924453
2013,3,15,-0.01131815
2013,3,16,-0.48008281
2013,3,17,-0.971312523
2013,3,18,-1.225592732
2013,3,19,-1.134830356
2013,3,20,-0.465399176
2013,3,21,-0.065320522
2013,3,22,0.029274579
2013,3,23,-0.144081801
2013,3,24,0.012908929
2013,3,25,0.294676602
2013,3,26,0.395347267
2013,3,27,0.159098029
2013,3,28,0.13792327
2013,3,29,0.027249608
2013,3,30,-0.264393508
2013,3,31,-0.41539216
2013,4,1,-0.342077404
2013,11,1,-0.287157297
2013,11,2,-0.305336565
2013,11,3,-0.312518865
2013,11,4,-0.242011994
2013,11,5,-0.425360203
2013,11,6,-0.490175217
2013,11,7,-0.575037301
2013,11,8,-0.755588651
2013,11,9,-0.928563535
2013,11,10,-1.002442122
2013,11,11,-0.888125956
2013,11,12,-0.68625772
2013,11,13,-0.780059278
2013,11,14,-1.393549562
2013,11,15,-1.956234097
2013,11,16,-2.070794106
2013,11,17,-1.786352277
2013,11,18,-1.381001949
2013,11,19,-0.966049016
2013,11,20,-0.811827779
2013,11,21,-0.599384308
2013,11,22,-0.152453095
2013,11,23,0.282321125
2013,11,24,0.264193356
2013,11,25,-0.02052075
2013,11,26,-0.112988718
2013,11,27,-0.066994064
2013,11,28,-0.12551035
2013,11,29,-0.557897687
2013,11,30,-0.651259124
2013,12,1,-0.216530383
2013,12,2,-0.173223019
2013,12,3,-0.28485325
2013,12,4,-0.616793931
2013,12,5,-0.938259423
2013,12,6,-0.902416408
2013,12,7,-1.071429849
2013,12,8,-1.248768687
2013,12,9,-1.084891438
2013,12,10,-1.01794076
2013,12,11,-0.93595618
2013,12,12,-0.634355128
2013,12,13,-0.128561988
2013,12,14,0.096164994
2013,12,15,-0.254805386
2013,12,16,-0.60438031
2013,12,17,-0.636097193
2013,12,18,-0.743413329
2013,12,19,-0.631998062
2013,12,20,-0.491763443
2013,12,21,-0.325109959
2013,12,22,-0.109896787
2013,12,23,-0.12566179
2013,12,24,-0.139642462
2013,12,25,0.068384342
2013,12,26,0.160730839
2013,12,27,-0.050551981
2013,12,28,-0.127717078
2013,12,29,0.019832853
2013,12,30,0.292558134
2013,12,31,0.440119088
2014,1,1,0.444455922
2014,1,2,0.321969926
2014,1,3,-0.083262496
2014,1,4,-0.200493723
2014,1,5,0.016948441
2014,1,6,0.462416232
2014,1,7,0.529562771
2014,1,8,0.301553369
2014,1,9,-0.091010578
2014,1,10,-0.171821937
2014,1,11,-0.151602402
2014,1,12,-0.128879517
2014,1,13,0.243183285
2014,1,14,0.688460708
2014,1,15,0.79739362
2014,1,16,0.971942306
2014,1,17,1.22434485
2014,1,18,1.262619019
2014,1,19,1.118870497
2014,1,20,1.078818917
2014,1,21,1.17232728
2014,1,22,1.14261198
2014,1,23,1.225525141
2014,1,24,0.82185173
2014,1,25,0.529810071
2014,1,26,0.390689105
2014,1,27,0.250124842
2014,1,28,0.322512388
2014,1,29,0.490344733
2014,1,30,-0.108908713
2014,1,31,-0.616712511
2014,2,1,-0.896014452
2014,2,2,-0.989310265
2014,2,3,-1.071483254
2014,2,4,-1.060275674
2014,2,5,-0.869746804
2014,2,6,-0.677942991
2014,2,7,-0.723976851
2014,2,8,-0.82642132
2014,2,9,-0.852832556
2014,2,10,-0.726904273
2014,2,11,-0.785687745
2014,2,12,-1.063761592
2014,2,13,-1.097411752
2014,2,14,-0.793540299
2014,2,15,-0.414596021
2014,2,16,-0.310400695
2014,2,17,-0.099226557
2014,2,18,-0.098335758
2014,2,19,-0.197787508
2014,2,20,-0.091799103
2014,2,21,0.003815356
2014,2,22,0.228191704
2014,2,23,0.525034249
2014,2,24,0.537200749
2014,2,25,0.506690145
2014,2,26,0.370939761
2014,2,27,0.021054342
2014,2,28,-0.395875543
2014,3,1,-0.838943183
2014,3,2,-0.711897612
2014,3,3,-0.601223469
2014,3,4,-0.208797887
2014,3,5,0.360693127
2014,3,6,0.574118376
2014,3,7,0.721657097
2014,3,8,0.819908857
2014,3,9,0.667916179
2014,3,10,0.415873557
2014,3,11,0.485618591
2014,3,12,0.596349835
2014,3,13,0.763068676
2014,3,14,0.709639728
2014,3,15,0.601048887
2014,3,16,0.636912882
2014,3,17,0.180936664
2014,3,18,-0.080392241
2014,3,19,-0.371123642
2014,3,20,-0.399894655
2014,3,21,-0.351567805
2014,3,22,-0.644702077
2014,3,23,-0.828640342
2014,3,24,-0.599963605
2014,3,25,-0.407622993
2014,3,26,-0.386336356
2014,3,27,-0.509622216
2014,3,28,-0.769200027
2014,3,29,-0.821544945
2014,3,30,-0.741872907
2014,3,31,-0.55898881
2014,4,1,-0.594175637
2014,11,1,0.486152649
2014,11,2,0.335319698
2014,11,3,0.201582089
2014,11,4,0.106467992
2014,11,5,0.731272876
2014,11,6,1.386348605
2014,11,7,1.295367718
2014,11,8,1.146627784
2014,11,9,0.858669162
2014,11,10,0.802175999
2014,11,11,0.794975638
2014,11,12,0.720304847
2014,11,13,0.478535563
2014,11,14,0.403339416
2014,11,15,0.56125623
2014,11,16,0.662888646
2014,11,17,0.855701923
2014,11,18,0.916689873
2014,11,19,0.916482925
2014,11,20,0.899544299
2014,11,21,0.790218651
2014,11,22,0.314932585
2014,11,23,0.001370071
2014,11,24,-0.110522091
2014,11,25,-0.278308928
2014,11,26,-0.343159914
2014,11,27,-0.478901565
2014,11,28,-0.60333997
2014,11,29,-0.990211368
2014,11,30,-1.282063246
2014,12,1,-0.954679787
2014,12,2,-0.772393465
2014,12,3,-0.40189606
2014,12,4,0.026939981
2014,12,5,0.155774489
2014,12,6,0.415507495
2014,12,7,0.824363589
2014,12,8,1.284331322
2014,12,9,1.308999777
2014,12,10,0.825029135
2014,12,11,0.472652227
2014,12,12,0.374993414
2014,12,13,0.487659633
2014,12,14,0.751070499
2014,12,15,0.818596184
2014,12,16,0.865202129
2014,12,17,0.775181234
2014,12,18,0.823706329
2014,12,19,0.911287725
2014,12,20,0.778232038
2014,12,21,0.476480663
2014,12,22,0.247072279
2014,12,23,0.434555382
2014,12,24,0.42257151
2014,12,25,-0.014265499
2014,12,26,-0.026164634
2014,12,27,-0.039096508
2014,12,28,0.163599178
2014,12,29,0.465432912
2014,12,30,0.568854272
2014,12,31,0.561281383
2015,1,1,0.076529704
2015,1,2,-0.435689658
2015,1,3,-0.583184004
2015,1,4,-0.541460752
2015,1,5,-0.280263275
2015,1,6,-0.016024787
2015,1,7,0.533625007
2015,1,8,0.718877077
2015,1,9,0.648196459
2015,1,10,0.512406945
2015,1,11,0.52921164
2015,1,12,0.714043558
2015,1,13,0.723726571
2015,1,14,0.709407449
2015,1,15,0.770480752
2015,1,16,0.674466491
2015,1,17,0.617929101
2015,1,18,0.595128536
2015,1,19,0.465109855
2015,1,20,0.548766971
2015,1,21,0.626767457
2015,1,22,0.546082258
2015,1,23,0.346755058
2015,1,24,0.502324343
2015,1,25,0.59020102
2015,1,26,0.310520351
2015,1,27,-0.063999996
2015,1,28,-0.564891756
2015,1,29,-0.916735351
2015,1,30,-0.908399045
2015,1,31,-0.522208691
2015,2,1,-0.310810566
2015,2,2,-0.136259779
2015,2,3,0.170843512
2015,2,4,0.425724953
2015,2,5,0.432860434
2015,2,6,0.304081678
2015,2,7,0.075516164
2015,2,8,0.205916926
2015,2,9,0.424914151
2015,2,10,0.576556921
2015,2,11,0.701616049
2015,2,12,0.806278229
2015,2,13,0.97288835
2015,2,14,1.11888659
2015,2,15,1.194039226
2015,2,16,1.332971573
2015,2,17,1.31965518
2015,2,18,1.260796666
2015,2,19,0.924422979
2015,2,20,0.563439369
2015,2,21,0.294533819
2015,2,22,0.061847411
2015,2,23,-0.208504558
2015,2,24,-0.11886365
2015,2,25,-0.139243469
2015,2,26,-0.48195976
2015,2,27,-0.721889615
2015,2,28,-1.133181334
2015,3,1,-2.078516483
2015,3,2,-1.936698198
2015,3,3,-1.963978529
2015,3,4,-1.853400588
2015,3,5,-1.389857292
2015,3,6,-1.245331764
2015,3,7,-1.318626165
2015,3,8,-1.22400403
2015,3,9,-0.968583107
2015,3,10,-0.437418342
2015,3,11,0.025913622
2015,3,12,0.382797718
2015,3,13,0.734548748
2015,3,14,1.074915886
2015,3,15,1.011677742
2015,3,16,0.699208081
2015,3,17,0.470758885
2015,3,18,0.351899236
2015,3,19,0.300114959
2015,3,20,0.21356824
2015,3,21,0.300663412
2015,3,22,0.387744963
2015,3,23,0.373176128
2015,3,24,0.342110574
2015,3,25,0.377235353
2015,3,26,0.622312367
2015,3,27,0.884908974
2015,3,28,0.843934536
2015,3,29,0.580432773
2015,3,30,0.28239423
2015,3,31,0.129510343
2015,4,1,-0.261293948
2015,11,1,-0.060627218
2015,11,2,-0.43897903
2015,11,3,-0.550100625
2015,11,4,-0.391514361
2015,11,5,-0.263327032
2015,11,6,-0.222407147
2015,11,7,-0.121644989
2015,11,8,0.052286197
2015,11,9,0.084183954
2015,11,10,0.009219869
2015,11,11,-0.171481252
2015,11,12,-0.25893414
2015,11,13,-0.265209198
2015,11,14,-0.337897539
2015,11,15,-0.335213244
2015,11,16,-0.230646715
2015,11,17,-0.269472361
2015,11,18,-0.568388879
2015,11,19,-0.79249531
2015,11,20,-0.70938009
2015,11,21,-0.384989172
2015,11,22,-0.132070258
2015,11,23,-0.143871903
2015,11,24,-0.175781727
2015,11,25,0.160990521
2015,11,26,0.250980139
2015,11,27,0.380156308
2015,11,28,0.715865016
2015,11,29,0.738748372
2015,11,30,0.857488632
2015,12,1,0.869480729
2015,12,2,1.075068593
2015,12,3,1.045366645
2015,12,4,0.986056566
2015,12,5,0.985328496
2015,12,6,1.081457376
2015,12,7,1.527052283
2015,12,8,1.599184632
2015,12,9,1.269503474
2015,12,10,0.592924416
2015,12,11,0.156034932
2015,12,12,0.244829327
2015,12,13,0.157800645
2015,12,14,0.244664595
2015,12,15,0.096570589
2015,12,16,-0.146091178
2015,12,17,-0.190246984
2015,12,18,0.109149463
2015,12,19,0.176224381
2015,12,20,0.031929348
2015,12,21,-0.042385384
2015,12,22,-0.418129653
2015,12,23,-0.66854167
2015,12,24,-0.714753568
2015,12,25,-0.314736903
2015,12,26,0.391724616
2015,12,27,0.877085388
2015,12,28,1.233757377
2015,12,29,1.225741863
2015,12,30,1.238025784
2015,12,31,1.324769378
2016,1,1,1.432543159
2016,1,2,1.657178521
2016,1,3,1.621052504
2016,1,4,1.465994716
2016,1,5,1.20327723
2016,1,6,0.857716084
2016,1,7,0.792395294
2016,1,8,0.794740975
2016,1,9,0.745048463
2016,1,10,0.905596375
2016,1,11,0.983507514
2016,1,12,0.940449119
2016,1,13,1.01130867
2016,1,14,1.069497943
2016,1,15,0.993277013
2016,1,16,1.026108027
2016,1,17,1.013147593
2016,1,18,0.906056762
2016,1,19,0.84201616
2016,1,20,0.925544024
2016,1,21,1.243467212
2016,1,22,1.509328127
2016,1,23,1.687236547
2016,1,24,1.564795852
2016,1,25,1.483237863
2016,1,26,1.487637162
2016,1,27,1.397461891
2016,1,28,1.294374824
2016,1,29,0.921734273
2016,1,30,0.525752902
2016,1,31,0.449283451
2016,2,1,0.473157018
2016,2,2,0.413057894
2016,2,3,0.462084591
2016,2,4,0.757372975
2016,2,5,0.911671698
2016,2,6,0.817854762
2016,2,7,0.854781806
2016,2,8,1.208183646
2016,2,9,1.451510787
2016,2,10,1.453811884
2016,2,11,1.270696878
2016,2,12,1.065296292
2016,2,13,0.74612987
2016,2,14,0.454646796
2016,2,15,0.332537919
2016,2,16,0.093583152
2016,2,17,0.080114447
2016,2,18,0.075043559
2016,2,19,0.215748966
2016,2,20,0.394047111
2016,2,21,0.588471711
2016,2,22,1.011230588
2016,2,23,1.481288433
2016,2,24,1.398590326
2016,2,25,1.289332986
2016,2,26,1.296422958
2016,2,27,1.36255455
2016,2,28,1.247277617
2016,2,29,0.887390554
2016,3,1,0.948083222
2016,3,2,0.822407126
2016,3,3,0.886890948
2016,3,4,0.78257376
2016,3,5,0.913742661
2016,3,6,0.70862633
2016,3,7,0.458258033
2016,3,8,0.509239197
2016,3,9,0.48637417
2016,3,10,0.582143307
2016,3,11,0.672078311
2016,3,12,0.6621418
2016,3,13,0.685638487
2016,3,14,0.475221127
2016,3,15,0.506837547
2016,3,16,0.498844624
2016,3,17,0.398047715
2016,3,18,0.323604017
2016,3,19,0.255273402
2016,3,20,0.212058514
2016,3,21,-0.085154437
2016,3,22,-0.579800487
2016,3,23,-0.711517155
2016,3,24,-0.521267235
2016,3,25,-0.108887546
2016,3,26,0.229748651
2016,3,27,0.190447971
2016,3,28,0.145253569
2016,3,29,0.069510654
2016,3,30,-0.116179362
2016,3,31,-0.14956978
2016,11,1,0.937672794
2016,11,2,1.095177293
2016,11,3,1.414870977
2016,11,4,1.466600895
2016,11,5,1.712213755
2016,11,6,1.780610204
2016,11,7,1.827660561
2016,11,8,2.051901817
2016,11,9,2.032104731
2016,11,10,1.854236484
2016,11,11,1.831141472
2016,11,12,1.606638789
2016,11,13,1.459083915
2016,11,14,1.1140939
2016,11,15,0.606972635
2016,11,16,0.280019909
2016,11,17,0.048451524
2016,11,18,-0.174825653
2016,11,19,-0.272865981
2016,11,20,-0.145613581
2016,11,21,0.047170248
2016,11,22,0.178861856
2016,11,23,0.08818581
2016,11,24,-0.114606582
2016,11,25,-0.065248482
2016,11,26,0.08270964
2016,11,27,0.209734768
2016,11,28,0.469575763
2016,11,29,0.898316503
2016,11,30,0.769510329
2016,12,1,0.444961041
2016,12,2,0.484202534
2016,12,3,0.310638219
2016,12,4,0.041252814
2016,12,5,-0.363315433
2016,12,6,-0.643256366
2016,12,7,-0.457781047
2016,12,8,-0.062610306
2016,12,9,-0.018403245
2016,12,10,-0.374034941
2016,12,11,-0.590206981
2016,12,12,-0.720610142
2016,12,13,-0.611718595
2016,12,14,-0.357454807
2016,12,15,-0.130119592
2016,12,16,0.07669691
2016,12,17,0.460421681
2016,12,18,0.727299809
2016,12,19,0.660534024
2016,12,20,0.380103141
2016,12,21,0.27481696
2016,12,22,0.101872608
2016,12,23,-0.234282821
2016,12,24,-0.202496663
2016,12,25,-0.103163265
2016,12,26,-0.209108621
2016,12,27,-0.363425314
2016,12,28,-0.493875951
2016,12,29,-0.501356781
2016,12,30,-0.458920896
2016,12,31,-0.506304324
2017,1,1,-0.529671729
2017,1,2,-0.847216189
2017,1,3,-1.133063316
2017,1,4,-1.128314495
2017,1,5,-0.964220166
2017,1,6,-0.954248548
2017,1,7,-0.632084429
2017,1,8,-0.241348401
2017,1,9,-0.438664913
2017,1,10,-0.827075124
2017,1,11,-0.899737954
2017,1,12,-0.620109141
2017,1,13,-0.031239999
2017,1,14,0.574606836
2017,1,15,1.06150198
2017,1,16,1.239511728
2017,1,17,1.096211076
2017,1,18,0.781383693
2017,1,19,0.415786445
2017,1,20,-0.032977924
2017,1,21,-0.237126961
2017,1,22,0.174018875
2017,1,23,0.472800136
2017,1,24,0.524068058
2017,1,25,0.585351527
2017,1,26,0.793542564
2017,1,27,1.13883543
2017,1,28,1.332984328
2017,1,29,1.131594658
2017,1,30,0.626612484
2017,1,31,0.380646229
2017,2,1,0.39098379
2017,2,2,0.377966523
2017,2,3,0.283194184
2017,2,4,0.259617031
2017,2,5,0.344142824
2017,2,6,0.478815883
2017,2,7,0.608210564
2017,2,8,0.644690275
2017,2,9,0.690259933
2017,2,10,0.619448781
2017,2,11,0.833611131
2017,2,12,1.129358053
2017,2,13,1.452564359
2017,2,14,1.812526584
2017,2,15,1.853653073
2017,2,16,1.375095844
2017,2,17,0.693080246
2017,2,18,0.376003295
2017,2,19,0.234315977
2017,2,20,0.067900166
2017,2,21,-0.118301496
2017,2,22,-0.332758874
2017,2,23,-0.550788939
2017,2,24,-0.572787702
2017,2,25,-1.013653159
2017,2,26,-1.39371109
2017,2,27,-1.598426819
2017,2,28,-1.506567359
2017,3,1,-1.536832333
2017,3,2,-1.279863954
2017,3,3,-1.39001739
2017,3,4,-1.181918502
2017,3,5,-0.834570229
2017,3,6,-0.551217854
2017,3,7,-0.535162926
2017,3,8,-0.629664361
2017,3,9,-0.711565137
2017,3,10,-0.578767717
2017,3,11,-0.291502982
2017,3,12,0.032310955
2017,3,13,0.450248092
2017,3,14,0.756237805
2017,3,15,0.880057037
2017,3,16,0.620853305
2017,3,17,0.396938533
2017,3,18,0.417926937
2017,3,19,0.399846345
2017,3,20,0.243201509
2017,3,21,0.273496479
2017,3,22,0.336370528
2017,3,23,0.301603436
2017,3,24,0.458950996
2017,3,25,0.853876412
2017,3,26,0.995575309
2017,3,27,1.063451886
2017,3,28,1.214925647
2017,3,29,1.184615254
2017,3,30,1.142424345
2017,3,31,1.396396875
2017,4,1,1.276108503
2017,11,1,-2.095879316
2017,11,2,-2.300367832
2017,11,3,-2.270425081
2017,11,4,-2.062494993
2017,11,5,-1.935638189
2017,11,6,-1.761498332
2017,11,7,-1.320895791
2017,11,8,-1.048946261
2017,11,9,-1.026658535
2017,11,10,-1.358732224
2017,11,11,-1.667707443
2017,11,12,-1.551530957
2017,11,13,-1.421859264
2017,11,14,-1.38727355
2017,11,15,-1.595475674
2017,11,16,-1.807369947
2017,11,17,-1.913733006
2017,11,18,-1.785988927
2017,11,19,-1.559184313
2017,11,20,-1.336080432
2017,11,21,-0.876902342
2017,11,22,-0.683708429
2017,11,23,-0.601516247
2017,11,24,-0.739032805
2017,11,25,-0.358003646
2017,11,26,0.295686066
2017,11,27,0.480076879
2017,11,28,0.332542211
2017,11,29,0.276956648
2017,11,30,0.229917333
2017,12,1,0.138849065
2017,12,2,0.229479417
2017,12,3,0.415469289
2017,12,4,0.6332829
2017,12,5,0.41457808
2017,12,6,0.677384198
2017,12,7,1.269024968
2017,12,8,1.754562736
2017,12,9,1.424817204
2017,12,10,1.243905902
2017,12,11,1.343236804
2017,12,12,1.359589458
2017,12,13,1.244197726
2017,12,14,1.097497702
2017,12,15,0.913717031
2017,12,16,0.712419689
2017,12,17,0.258388788
2017,12,18,0.128830418
2017,12,19,0.256543964
2017,12,20,0.348452091
2017,12,21,0.491458297
2017,12,22,0.553153872
2017,12,23,0.341617405
2017,12,24,0.11375609
2017,12,25,-0.11103493
2017,12,26,-0.241117805
2017,12,27,-0.341249406
2017,12,28,-0.013923601
2017,12,29,0.415051609
2017,12,30,0.556616783
2017,12,31,0.735554874
2018,1,1,0.959150314
2018,1,2,1.119573832
2018,1,3,1.012411594
2018,1,4,0.871702075
2018,1,5,0.931560814
2018,1,6,0.912775993
2018,1,7,0.630764365
2018,1,8,0.440751225
2018,1,9,0.243154302
2018,1,10,0.240941718
2018,1,11,0.364235848
2018,1,12,0.588545203
2018,1,13,0.88385129
2018,1,14,0.923629761
2018,1,15,0.553352952
2018,1,16,0.101498432
2018,1,17,-0.112505995
2018,1,18,-0.418309063
2018,1,19,-0.544743538
2018,1,20,-0.486623436
2018,1,21,-0.378881931
2018,1,22,-0.386287689
2018,1,23,-0.463480294
2018,1,24,-0.344122678
2018,1,25,-0.29149881
2018,1,26,-0.341197014
2018,1,27,-0.437826812
2018,1,28,-0.223330423
2018,1,29,-0.289883614
2018,1,30,-0.726344168
2018,1,31,-0.692422867
2018,2,1,-0.171980634
2018,2,2,0.13092573
2018,2,3,0.280818135
2018,2,4,0.46017313
2018,2,5,0.422433645
2018,2,6,0.361273319
2018,2,7,0.278778404
2018,2,8,0.364110231
2018,2,9,0.450370669
2018,2,10,0.079637878
2018,2,11,-0.389953077
2018,2,12,-0.417152852
2018,2,13,-0.482181847
2018,2,14,-0.47467345
2018,2,15,-0.251871467
2018,2,16,-0.115490146
2018,2,17,-0.216690496
2018,2,18,-0.377777845
2018,2,19,-0.644791186
2018,2,20,-0.839779675
2018,2,21,-0.989981771
2018,2,22,-0.966083407
2018,2,23,-0.962356269
2018,2,24,-0.732454062
2018,2,25,-0.603889108
2018,2,26,-0.429455996
2018,2,27,-0.61572665
2018,2,28,-1.07320869
2018,3,1,-1.233618021
2018,3,2,-1.094106793
2018,3,3,-1.017771959
2018,3,4,-0.880402923
2018,3,5,-0.852955937
2018,3,6,-0.783028185
2018,3,7,-0.74266094
2018,3,8,-0.511153042
2018,3,9,-0.310933173
2018,3,10,-0.162488565
2018,3,11,0.015245412
2018,3,12,0.298953265
2018,3,13,0.345577031
2018,3,14,0.294683814
2018,3,15,0.003059672
2018,3,16,-0.29032436
2018,3,17,-0.458928823
2018,3,18,-0.642757952
2018,3,19,-0.773776352
2018,3,20,-0.903228641
2018,3,21,-0.705185831
2018,3,22,-0.297156066
2018,3,23,-0.248515174
2018,3,24,-0.47184521
2018,3,25,-0.441502094
2018,3,26,-0.292563587
2018,3,27,-0.474150002
2018,3,28,-1.004583597
2018,3,29,-1.349604487
2018,3,30,-1.552304983
2018,3,31,-1.566706061
2018,4,1,-1.685261726
2018,11,1,0.553571761
2018,11,2,0.366737187
2018,11,3,-0.050643343
2018,11,4,-0.542023599
2018,11,5,-0.825382948
2018,11,6,-1.00677228
2018,11,7,-1.233838797
2018,11,8,-1.066407323
2018,11,9,-0.876914918
2018,11,10,-0.726578057
2018,11,11,-0.442853361
2018,11,12,-0.075569876
2018,11,13,0.035006769
2018,11,14,-0.066403344
2018,11,15,-0.142056033
2018,11,16,-0.218881622
2018,11,17,-0.102743424
2018,11,18,-0.145978704
2018,11,19,-0.049518496
2018,11,20,0.010786665
2018,11,21,0.145151749
2018,11,22,0.327946305
2018,11,23,0.640199125
2018,11,24,1.043353558
2018,11,25,1.273386955
2018,11,26,1.445100427
2018,11,27,1.491555214
2018,11,28,1.168227196
2018,11,29,0.650016129
2018,11,30,0.411849409
2018,12,1,0.425717771
2018,12,2,0.296137303
2018,12,3,-0.006404836
2018,12,4,-0.320595235
2018,12,5,-0.345640987
2018,12,6,-0.064210705
2018,12,7,0.233983666
2018,12,8,0.545472562
2018,12,9,0.879940569
2018,12,10,1.197262526
2018,12,11,1.107882738
2018,12,12,0.903603733
2018,12,13,0.946760535
2018,12,14,1.162932277
2018,12,15,0.837312341
2018,12,16,0.696788073
2018,12,17,0.784059763
2018,12,18,0.607604802
2018,12,19,0.68908149
2018,12,20,0.894568086
2018,12,21,0.675985038
2018,12,22,0.342064887
2018,12,23,0.132345036
2018,12,24,0.173804283
2018,12,25,0.402488559
2018,12,26,0.33396095
2018,12,27,0.343873858
2018,12,28,0.479745924
2018,12,29,0.616707206
2018,12,30,0.976963162
2018,12,31,1.17739892
2019,1,1,1.127582192
2019,1,2,1.18214035
2019,1,3,1.083930492
2019,1,4,0.73585403
2019,1,5,0.360922039
2019,1,6,0.08245223
2019,1,7,-0.064545363
2019,1,8,-0.01656593
2019,1,9,0.347664088
2019,1,10,-2.050614595
2019,1,11,0.686008215
2019,1,12,0.719819903
2019,1,13,0.563068628
2019,1,14,0.364743829
2019,1,15,0.157092586
2019,1,16,0.006581906
2019,1,17,-0.078547858
2019,1,18,0.127404749
2019,1,19,0.480939418
2019,1,20,0.510100722
2019,1,21,0.387101799
2019,1,22,0.650958955
2019,1,23,0.7608428
2019,1,24,0.896508515
2019,1,25,1.008864284
2019,1,26,0.769519806
2019,1,27,0.35726127
2019,1,28,0.19139716
2019,1,29,0.245412305
2019,1,30,0.162338778
2019,1,31,0.103264846
2019,2,1,0.079271287
2019,2,2,-0.153874889
2019,2,3,-0.487866193
2019,2,4,-0.585547984
2019,2,5,-0.46250236
2019,2,6,-0.49085483
2019,2,7,-0.636263788
2019,2,8,-0.78963387
2019,2,9,-0.972817957
2019,2,10,-1.209411144
2019,2,11,-1.226325035
2019,2,12,-1.028623581
2019,2,13,-0.586637795
2019,2,14,-0.203840673
2019,2,15,0.024532951
2019,2,16,0.060596932
2019,2,17,-0.050383855
2019,2,18,-0.342204779
2019,2,19,-0.701312244
2019,2,20,-0.662766993
2019,2,21,-0.270573407
2019,2,22,0.126152024
2019,2,23,0.337176859
2019,2,24,0.273061872
2019,2,25,0.229077682
2019,2,26,0.212295517
2019,2,27,0.013572223
2019,2,28,-0.172677711
2019,3,1,-0.773080945
2019,3,2,-0.553185761
2019,3,3,-0.715363503
2019,3,4,-0.950800836
2019,3,5,-0.825639486
2019,3,6,-0.590539515
2019,3,7,-0.394055337
2019,3,8,-0.298689067
2019,3,9,-0.148566529
2019,3,10,-0.018138831
2019,3,11,-0.083915971
2019,3,12,0.00587038
2019,3,13,0.436219901
2019,3,14,0.781745076
2019,3,15,0.768746674
2019,3,16,0.787195146
2019,3,17,0.787530601
2019,3,18,0.910064161
2019,3,19,0.975589335
2019,3,20,0.987419903
2019,3,21,1.187039375
2019,3,22,1.295007706
2019,3,23,1.132632971
2019,3,24,0.435548455
2019,3,25,0.062771998
2019,3,26,0.074042544
2019,3,27,0.19877328
2019,3,28,0.166895196
2019,3,29,-0.042412329
2019,3,30,-0.112695143
2019,3,31,-0.007370715
2019,4,1,-0.324590415
