year,month,day,ao_index_cdas
1999,11,1,2.049150705
1999,11,2,2.598373175
1999,11,3,2.408082962
1999,11,4,1.883968711
1999,11,5,1.181849003
1999,11,6,0.832240939
1999,11,7,-0.030591056
1999,11,8,-0.861251771
1999,11,9,-1.055993319
1999,11,10,-0.435200721
1999,11,11,0.130593076
1999,11,12,0.426960647
1999,11,13,1.040647626
1999,11,14,0.589385509
1999,11,15,-0.422998697
1999,11,16,-1.372617841
1999,11,17,-1.465591431
1999,11,18,-1.287750602
1999,11,19,-0.490314245
1999,11,20,0.914871335
1999,11,21,1.653885126
1999,11,22,1.464771271
1999,11,23,0.95134294
1999,11,24,0.551416636
1999,11,25,0.41700846
1999,11,26,0.876419008
1999,11,27,0.525881827
1999,11,28,0.283996314
1999,11,29,1.575732112
1999,11,30,2.738904715
1999,12,1,2.557334185
1999,12,2,1.68497932
1999,12,3,0.730370224
1999,12,4,0.368804127
1999,12,5,1.336179972
1999,12,6,2.538272142
1999,12,7,2.335239649
1999,12,8,1.129957438
1999,12,9,0.420130372
1999,12,10,0.747138202
1999,12,11,0.767124951
1999,12,12,-0.272198975
1999,12,13,-1.384825587
1999,12,14,-1.869968295
1999,12,15,-1.645622969
1999,12,16,-0.312110424
1999,12,17,0.419054836
1999,12,18,0.792526662
1999,12,19,0.880623877
1999,12,20,0.687402844
1999,12,21,0.728463233
1999,12,22,1.373082995
1999,12,23,2.664356947
1999,12,24,3.57328248
1999,12,25,3.555476665
1999,12,26,2.635956526
1999,12,27,1.189024687
1999,12,28,0.075283207
1999,12,29,0.301900387
1999,12,30,0.997122228
1999,12,31,2.178211927
2000,1,1,2.036495924
2000,1,2,1.531662107
2000,1,3,1.447426796
2000,1,4,1.191185713
2000,1,5,0.63836807
2000,1,6,1.420347452
2000,1,7,2.88116312
2000,1,8,3.15447998
2000,1,9,2.83079195
2000,1,10,2.378468513
2000,1,11,1.426565647
2000,1,12,0.708716393
2000,1,13,0.572572708
2000,1,14,1.028112888
2000,1,15,2.113894939
2000,1,16,1.607779145
2000,1,17,-0.036732133
2000,1,18,-1.091069102
2000,1,19,-1.008439064
2000,1,20,-0.817251861
2000,1,21,-0.949030459
2000,1,22,-0.698106229
2000,1,23,-0.147525236
2000,1,24,0.400306553
2000,1,25,0.381994367
2000,1,26,0.301764756
2000,1,27,1.497041225
2000,1,28,3.180802345
2000,1,29,3.885801315
2000,1,30,3.479346514
2000,1,31,2.625799656
2000,2,1,2.184646845
2000,2,2,2.511517525
2000,2,3,2.649596453
2000,2,4,2.884242773
2000,2,5,2.884141207
2000,2,6,2.73754096
2000,2,7,2.864830017
2000,2,8,3.131278515
2000,2,9,3.018755674
2000,2,10,2.518678904
2000,2,11,2.313493013
2000,2,12,1.735666752
2000,2,13,1.339164019
2000,2,14,1.409665585
2000,2,15,0.832157969
2000,2,16,-0.69107455
2000,2,17,-1.647471189
2000,2,18,-2.117705345
2000,2,19,-1.416594625
2000,2,20,-0.785329044
2000,2,21,-0.611786306
2000,2,22,-0.623354197
2000,2,23,-0.07712996
2000,2,24,0.118906111
2000,2,25,-0.059290376
2000,2,26,0.033436719
2000,2,27,0.813968837
2000,2,28,1.457021475
2000,2,29,0.67764312
2000,3,1,-0.172981471
2000,3,2,-0.786162376
2000,3,3,-0.756341577
2000,3,4,-0.191816419
2000,3,5,-0.313061982
2000,3,6,-0.25492835
2000,3,7,-0.071384974
2000,3,8,-0.318478137
2000,3,9,-0.933491051
2000,3,10,-0.862357557
2000,3,11,-0.653272927
2000,3,12,-0.539934456
2000,3,13,-0.63949126
2000,3,14,-1.009815454
2000,3,15,-1.291062474
2000,3,16,-1.235976934
2000,3,17,-0.90323019
2000,3,18,-0.444004864
2000,3,19,-0.090766974
2000,3,20,-0.012211344
2000,3,21,-0.14267382
2000,3,22,-0.133255571
2000,3,23,0.134404734
2000,3,24,0.134126097
2000,3,25,-0.052705523
2000,3,26,-0.124410398
2000,3,27,0.101706132
2000,3,28,0.249831825
2000,3,29,-0.515399039
2000,3,30,-0.884489417
2000,3,31,-0.783946455
2000,11,1,-0.756072223
2000,11,2,-1.624092698
2000,11,3,-2.0960114
2000,11,4,-2.657737017
2000,11,5,-3.113834858
2000,11,6,-2.992837191
2000,11,7,-2.544320345
2000,11,8,-2.129602671
2000,11,9,-2.316537619
2000,11,10,-2.616082191
2000,11,11,-2.414464474
2000,11,12,-1.902422786
2000,11,13,-1.327355862
2000,11,14,-0.484252155
2000,11,15,-0.521570623
2000,11,16,-1.080283284
2000,11,17,-1.313061714
2000,11,18,-1.163022161
2000,11,19,-1.337158442
2000,11,20,-1.236730337
2000,11,21,-1.39820075
2000,11,22,-1.450527191
2000,11,23,-1.060835481
2000,11,24,-0.285105765
2000,11,25,0.08168681
2000,11,26,-0.290098935
2000,11,27,-1.033405185
2000,11,28,-1.631075025
2000,11,29,-1.64284277
2000,11,30,-1.422499299
2000,12,1,-1.26580286
2000,12,2,-0.841201663
2000,12,3,-0.737236798
2000,12,4,-1.112650752
2000,12,5,-1.07695055
2000,12,6,-0.746037662
2000,12,7,-1.284813881
2000,12,8,-1.525763154
2000,12,9,-1.415928125
2000,12,10,-1.676865101
2000,12,11,-1.791769505
2000,12,12,-1.78973043
2000,12,13,-1.179682255
2000,12,14,-0.066503368
2000,12,15,0.165464163
2000,12,16,-0.103439592
2000,12,17,-0.824983895
2000,12,18,-2.066455603
2000,12,19,-2.424579382
2000,12,20,-2.904643297
2000,12,21,-3.697179317
2000,12,22,-3.84337306
2000,12,23,-4.133424759
2000,12,24,-4.216135979
2000,12,25,-4.343064308
2000,12,26,-4.207569599
2000,12,27,-4.239311695
2000,12,28,-4.635211468
2000,12,29,-4.688072205
2000,12,30,-4.115035534
2000,12,31,-3.606380939
2001,1,1,-3.078543186
2001,1,2,-2.636380196
2001,1,3,-2.621663809
2001,1,4,-2.340773582
2001,1,5,-2.517064095
2001,1,6,-2.641320467
2001,1,7,-2.783672094
2001,1,8,-2.437434435
2001,1,9,-2.221924782
2001,1,10,-1.918811202
2001,1,11,-1.867317319
2001,1,12,-1.298404455
2001,1,13,-0.139878973
2001,1,14,0.458350718
2001,1,15,0.383579493
2001,1,16,0.299159467
2001,1,17,-0.154283047
2001,1,18,-0.171554714
2001,1,19,0.449450433
2001,1,20,0.195505753
2001,1,21,0.100386836
2001,1,22,0.380786121
2001,1,23,0.742638648
2001,1,24,1.146390438
2001,1,25,1.210462451
2001,1,26,0.814394116
2001,1,27,0.119617127
2001,1,28,-0.886745512
2001,1,29,-1.238597512
2001,1,30,-1.895558715
2001,1,31,-2.120332718
2001,2,1,-1.076279521
2001,2,2,-0.47882697
2001,2,3,-0.893871903
2001,2,4,-1.278688788
2001,2,5,-1.447286844
2001,2,6,-1.781606078
2001,2,7,-1.105972528
2001,2,8,-0.361571282
2001,2,9,0.517192125
2001,2,10,0.86353147
2001,2,11,1.462902188
2001,2,12,2.361510515
2001,2,13,2.883570433
2001,2,14,2.939019203
2001,2,15,2.461843491
2001,2,16,1.860702753
2001,2,17,1.260082722
2001,2,18,0.494196147
2001,2,19,0.805801868
2001,2,20,0.654295206
2001,2,21,-0.535246491
2001,2,22,-2.381797314
2001,2,23,-3.372719288
2001,2,24,-4.035172939
2001,2,25,-4.854388714
2001,2,26,-4.604569435
2001,2,27,-3.987654686
2001,2,28,-3.179305553
2001,3,1,-3.429551601
2001,3,2,-3.244131327
2001,3,3,-3.429551601
2001,3,4,-3.395988464
2001,3,5,-3.358317852
2001,3,6,-3.205866575
2001,3,7,-2.402302265
2001,3,8,-1.398858547
2001,3,9,-0.102027833
2001,3,10,0.908265352
2001,3,11,1.574870586
2001,3,12,1.574870586
2001,3,13,1.041851759
2001,3,14,-0.426410794
2001,3,15,-1.880454063
2001,3,16,-2.437177896
2001,3,17,-2.35010004
2001,3,18,-2.299634695
2001,3,19,-2.304713726
2001,3,20,-2.194261074
2001,3,21,-2.190960407
2001,3,22,-2.810927868
2001,3,23,-3.567354918
2001,3,24,-4.201621056
2001,3,25,-3.951990604
2001,3,26,-2.603575468
2001,3,27,-1.05825913
2001,3,28,-0.146464586
2001,3,29,0.657130539
2001,3,30,1.103886247
2001,3,31,1.103886247
2001,4,1,0.915584981
2001,11,1,2.433699131
2001,11,2,2.727792978
2001,11,3,2.66459775
2001,11,4,2.199128389
2001,11,5,1.902803063
2001,11,6,1.350510955
2001,11,7,0.928266525
2001,11,8,0.524513006
2001,11,9,1.734862328
2001,11,10,2.190418005
2001,11,11,1.214941502
2001,11,12,0.536851585
2001,11,13,0.574625671
2001,11,14,0.723433495
2001,11,15,0.901410103
2001,11,16,0.764093935
2001,11,17,0.241791397
2001,11,18,-0.184980348
2001,11,19,-0.052451443
2001,11,20,0.226581499
2001,11,21,0.067511812
2001,11,22,0.336693496
2001,11,23,0.269602597
2001,11,24,0.081241898
2001,11,25,0.548907518
2001,11,26,0.403381884
2001,11,27,-0.690514565
2001,11,28,-0.667967021
2001,11,29,-0.161058053
2001,11,30,-0.107853606
2001,12,1,-0.070492215
2001,12,2,-0.182573989
2001,12,3,-0.006003036
2001,12,4,-0.345396101
2001,12,5,-0.97394067
2001,12,6,-1.439709425
2001,12,7,-1.639851451
2001,12,8,-1.508778572
2001,12,9,-0.939552069
2001,12,10,-0.77705425
2001,12,11,-0.786361217
2001,12,12,-0.82313931
2001,12,13,-0.641401768
2001,12,14,-0.850592256
2001,12,15,-1.81130743
2001,12,16,-2.452796698
2001,12,17,-2.162373781
2001,12,18,-1.765651345
2001,12,19,-1.474503636
2001,12,20,-1.044710279
2001,12,21,-0.405642152
2001,12,22,-0.096691839
2001,12,23,-0.250656784
2001,12,24,-1.109040022
2001,12,25,-1.338126421
2001,12,26,-1.644316077
2001,12,27,-2.754909277
2001,12,28,-3.292803526
2001,12,29,-3.035462141
2001,12,30,-2.535120726
2001,12,31,-1.381337643
2002,1,1,-0.184503049
2002,1,2,0.038189314
2002,1,3,-0.034665108
2002,1,4,-0.488030195
2002,1,5,-0.22754401
2002,1,6,0.915308416
2002,1,7,1.711354494
2002,1,8,2.366938114
2002,1,9,2.905810833
2002,1,10,3.015096426
2002,1,11,2.054797649
2002,1,12,1.256572008
2002,1,13,1.384897113
2002,1,14,1.363591075
2002,1,15,1.379918098
2002,1,16,1.140193343
2002,1,17,1.071155548
2002,1,18,1.682091117
2002,1,19,2.012698174
2002,1,20,1.988397717
2002,1,21,1.321602583
2002,1,22,0.935375333
2002,1,23,0.916013896
2002,1,24,1.032923102
2002,1,25,1.245450616
2002,1,26,1.559773684
2002,1,27,1.680076838
2002,1,28,1.753532052
2002,1,29,1.778314114
2002,1,30,1.878724694
2002,1,31,1.841343641
2002,2,1,1.855576038
2002,2,2,1.789726615
2002,2,3,1.208961248
2002,2,4,0.879062533
2002,2,5,0.786645472
2002,2,6,0.240653619
2002,2,7,0.5355317
2002,2,8,0.81776756
2002,2,9,0.346176893
2002,2,10,0.189314157
2002,2,11,0.999156713
2002,2,12,1.417017937
2002,2,13,2.016176224
2002,2,14,2.556028843
2002,2,15,2.851907253
2002,2,16,2.941371441
2002,2,17,2.41375947
2002,2,18,2.050839901
2002,2,19,2.158373117
2002,2,20,1.696704745
2002,2,21,1.180931807
2002,2,22,0.815925539
2002,2,23,0.252943218
2002,2,24,0.225598261
2002,2,25,0.128962561
2002,2,26,0.632818639
2002,2,27,1.227104545
2002,2,28,0.982616961
2002,3,1,1.901036978
2002,3,2,3.062627316
2002,3,3,2.989715099
2002,3,4,2.445782661
2002,3,5,2.993073702
2002,3,6,3.689963102
2002,3,7,2.945387602
2002,3,8,2.187435627
2002,3,9,1.772608399
2002,3,10,1.008800745
2002,3,11,0.914778054
2002,3,12,1.474562407
2002,3,13,1.054768682
2002,3,14,0.093164608
2002,3,15,-0.656676829
2002,3,16,-0.69892633
2002,3,17,-0.278092116
2002,3,18,0.089259565
2002,3,19,0.053745937
2002,3,20,-0.118136384
2002,3,21,-0.636453569
2002,3,22,-1.810567498
2002,3,23,-2.189771891
2002,3,24,-0.953808844
2002,3,25,0.466926903
2002,3,26,1.303302288
2002,3,27,1.648738146
2002,3,28,1.374943137
2002,3,29,0.658405542
2002,3,30,0.200239792
2002,3,31,-0.022609571
2002,4,1,-0.281087667
2002,11,1,-0.450884312
2002,11,2,-0.331269532
2002,11,3,-0.524931192
2002,11,4,-0.917346954
2002,11,5,-1.043299913
2002,11,6,-1.483607411
2002,11,7,-2.533302307
2002,11,8,-2.332113743
2002,11,9,-1.486734509
2002,11,10,-1.027381182
2002,11,11,-1.191709042
2002,11,12,-1.416528821
2002,11,13,-1.463009596
2002,11,14,-2.023567438
2002,11,15,-1.89791739
2002,11,16,-0.895266056
2002,11,17,0.262905329
2002,11,18,0.324104667
2002,11,19,-0.063293867
2002,11,20,-0.149203509
2002,11,21,-0.889765203
2002,11,22,-1.709097266
2002,11,23,-2.931434155
2002,11,24,-3.454767704
2002,11,25,-2.847814322
2002,11,26,-2.261476994
2002,11,27,-1.676867843
2002,11,28,-1.414304376
2002,11,29,-2.025210381
2002,11,30,-1.379764438
2002,12,1,-0.911506891
2002,12,2,-1.216387153
2002,12,3,-1.0209378
2002,12,4,-1.400752783
2002,12,5,-1.938042879
2002,12,6,-2.286158323
2002,12,7,-2.653730631
2002,12,8,-2.244096279
2002,12,9,-1.465867877
2002,12,10,-0.37152186
2002,12,11,-0.030914685
2002,12,12,-0.685718596
2002,12,13,-1.432988763
2002,12,14,-1.775779724
2002,12,15,-1.971504092
2002,12,16,-1.658345103
2002,12,17,-1.062067389
2002,12,18,-1.366174221
2002,12,19,-1.966092706
2002,12,20,-1.990229845
2002,12,21,-1.962187886
2002,12,22,-1.936132193
2002,12,23,-1.57737267
2002,12,24,-0.734315515
2002,12,25,-0.317715228
2002,12,26,-0.566445649
2002,12,27,-1.479695439
2002,12,28,-1.915944576
2002,12,29,-2.338321209
2002,12,30,-2.75731039
2002,12,31,-2.567425966
2003,1,1,-1.981738091
2003,1,2,-1.97405684
2003,1,3,-1.578866005
2003,1,4,-1.020089269
2003,1,5,-0.864901423
2003,1,6,-0.188608676
2003,1,7,-0.067190275
2003,1,8,-1.389273763
2003,1,9,-2.245029926
2003,1,10,-1.484633684
2003,1,11,-0.259422094
2003,1,12,1.094863892
2003,1,13,2.17939496
2003,1,14,2.571958542
2003,1,15,2.498472452
2003,1,16,2.183694839
2003,1,17,1.021828294
2003,1,18,-0.152584955
2003,1,19,-1.070321083
2003,1,20,-2.401767731
2003,1,21,-3.544985771
2003,1,22,-3.575453281
2003,1,23,-2.486744165
2003,1,24,-1.240776062
2003,1,25,-0.469270527
2003,1,26,0.578739882
2003,1,27,1.372515202
2003,1,28,0.182589129
2003,1,29,-0.759956896
2003,1,30,-0.027484596
2003,1,31,0.994453192
2003,2,1,1.573336601
2003,2,2,1.112043023
2003,2,3,0.103936613
2003,2,4,-0.576049864
2003,2,5,-0.371294349
2003,2,6,0.54870975
2003,2,7,1.144744635
2003,2,8,1.087485075
2003,2,9,1.27343905
2003,2,10,1.260476232
2003,2,11,0.642580986
2003,2,12,0.245953426
2003,2,13,-0.042805094
2003,2,14,-0.391549855
2003,2,15,-0.147366166
2003,2,16,0.438044667
2003,2,17,0.674705923
2003,2,18,-0.039993815
2003,2,19,-0.706730783
2003,2,20,-0.572274387
2003,2,21,-0.350517541
2003,2,22,-0.602189958
2003,2,23,-0.597089291
2003,2,24,-0.432410061
2003,2,25,-0.280965179
2003,2,26,-0.624184549
2003,2,27,-0.594059169
2003,2,28,-0.327541351
2003,3,1,-0.226709381
2003,3,2,-0.140260711
2003,3,3,-0.24619247
2003,3,4,-0.515520751
2003,3,5,-0.203715876
2003,3,6,-0.128544226
2003,3,7,-0.341514796
2003,3,8,-0.249587208
2003,3,9,0.120958924
2003,3,10,0.917217195
2003,3,11,1.172365308
2003,3,12,1.149367213
2003,3,13,0.39195025
2003,3,14,-0.278176636
2003,3,15,-0.431165874
2003,3,16,-0.182441607
2003,3,17,-0.231439978
2003,3,18,-0.192471802
2003,3,19,0.454846293
2003,3,20,1.971581221
2003,3,21,3.265095234
2003,3,22,3.202605247
2003,3,23,2.438694477
2003,3,24,2.418273211
2003,3,25,2.240097523
2003,3,26,2.091396809
2003,3,27,1.991707563
2003,3,28,1.510516882
2003,3,29,1.430363774
2003,3,30,1.785122037
2003,3,31,2.705907106
2003,4,1,2.860857964
2003,11,1,-1.314866424
2003,11,2,-1.110680938
2003,11,3,-0.534511507
2003,11,4,-0.046796493
2003,11,5,-0.264630705
2003,11,6,-0.674224913
2003,11,7,-0.802051783
2003,11,8,-0.866803944
2003,11,9,-0.113178112
2003,11,10,0.71918118
2003,11,11,1.014598846
2003,11,12,1.301424384
2003,11,13,0.812565207
2003,11,14,0.108622819
2003,11,15,-0.382111877
2003,11,16,0.586886585
2003,11,17,1.53078258
2003,11,18,1.478651285
2003,11,19,0.871625781
2003,11,20,0.190665543
2003,11,21,0.481407166
2003,11,22,1.251565814
2003,11,23,2.045128345
2003,11,24,2.845185757
2003,11,25,2.316638231
2003,11,26,0.971007764
2003,11,27,0.916146159
2003,11,28,1.698419571
2003,11,29,2.192501068
2003,11,30,1.361077189
2003,12,1,1.021352053
2003,12,2,1.021637321
2003,12,3,1.000591278
2003,12,4,0.323169261
2003,12,5,0.480667263
2003,12,6,0.523216426
2003,12,7,0.823205411
2003,12,8,0.137136713
2003,12,9,-0.095146134
2003,12,10,0.453221649
2003,12,11,1.023941755
2003,12,12,1.304688692
2003,12,13,1.239279628
2003,12,14,0.359073371
2003,12,15,-0.194002584
2003,12,16,-0.033444833
2003,12,17,-0.088867515
2003,12,18,-0.631802797
2003,12,19,-1.068845153
2003,12,20,-1.224547982
2003,12,21,-0.61599046
2003,12,22,-0.252643138
2003,12,23,0.611050963
2003,12,24,1.309884906
2003,12,25,1.314083219
2003,12,26,0.415214449
2003,12,27,-0.409319431
2003,12,28,-0.456742316
2003,12,29,-0.324576795
2003,12,30,0.006310091
2003,12,31,-0.045906886
2004,1,1,-0.522834241
2004,1,2,-0.186157465
2004,1,3,0.065435663
2004,1,4,0.006528185
2004,1,5,-0.382963151
2004,1,6,-0.857585371
2004,1,7,-1.226821184
2004,1,8,-1.327288747
2004,1,9,-1.121099472
2004,1,10,-0.629625022
2004,1,11,-0.20537512
2004,1,12,-0.352215499
2004,1,13,-0.957690239
2004,1,14,-1.914077759
2004,1,15,-2.968390942
2004,1,16,-3.854693174
2004,1,17,-4.386655331
2004,1,18,-3.889955997
2004,1,19,-3.3817904
2004,1,20,-2.782793283
2004,1,21,-1.190953612
2004,1,22,0.285125196
2004,1,23,0.655175626
2004,1,24,-0.775598288
2004,1,25,-2.151749372
2004,1,26,-3.008136272
2004,1,27,-3.011604548
2004,1,28,-3.019124269
2004,1,29,-3.267133236
2004,1,30,-2.557199478
2004,1,31,-1.486915708
2004,2,1,-0.962160945
2004,2,2,-1.305334806
2004,2,3,-0.577145994
2004,2,4,0.392119348
2004,2,5,0.494457632
2004,2,6,0.082094006
2004,2,7,-0.337134808
2004,2,8,-0.607589185
2004,2,9,-0.017463632
2004,2,10,0.126526266
2004,2,11,-0.519184649
2004,2,12,-0.601330101
2004,2,13,-1.069461465
2004,2,14,-1.83832562
2004,2,15,-2.096141338
2004,2,16,-1.800049186
2004,2,17,-1.466490388
2004,2,18,-1.642770171
2004,2,19,-1.906846523
2004,2,20,-2.136853933
2004,2,21,-2.453915119
2004,2,22,-2.345184565
2004,2,23,-2.464771032
2004,2,24,-2.817771435
2004,2,25,-3.202136993
2004,2,26,-3.108811617
2004,2,27,-3.129934549
2004,2,28,-3.043414593
2004,2,29,-2.396379471
2004,3,1,-1.613736987
2004,3,2,-0.908447444
2004,3,3,-0.129294321
2004,3,4,0.213835612
2004,3,5,0.168205991
2004,3,6,0.737046897
2004,3,7,1.098165393
2004,3,8,0.481530666
2004,3,9,0.147969723
2004,3,10,0.919444859
2004,3,11,0.763286829
2004,3,12,0.267777979
2004,3,13,0.533723295
2004,3,14,1.358744502
2004,3,15,2.179391623
2004,3,16,2.561940193
2004,3,17,2.596830606
2004,3,18,2.357563972
2004,3,19,2.094677448
2004,3,20,1.746342421
2004,3,21,0.558651626
2004,3,22,-0.844715714
2004,3,23,-1.603264332
2004,3,24,-2.170795202
2004,3,25,-1.550191283
2004,3,26,-0.202782869
2004,3,27,0.276262492
2004,3,28,-0.273251414
2004,3,29,-0.611296415
2004,3,30,-0.830632865
2004,3,31,-0.817023933
2004,11,1,1.729018807
2004,11,2,1.097024083
2004,11,3,1.027184963
2004,11,4,1.020090342
2004,11,5,1.244141698
2004,11,6,1.213281035
2004,11,7,1.058477759
2004,11,8,1.209569335
2004,11,9,1.149067044
2004,11,10,1.141134501
2004,11,11,1.355073929
2004,11,12,1.264384747
2004,11,13,1.043537974
2004,11,14,1.274258137
2004,11,15,1.819390178
2004,11,16,1.660090089
2004,11,17,1.282561779
2004,11,18,0.579588413
2004,11,19,0.089937225
2004,11,20,-0.580160141
2004,11,21,-0.368848652
2004,11,22,-0.336493582
2004,11,23,-0.625179112
2004,11,24,-0.318668872
2004,11,25,-0.267737865
2004,11,26,-0.616749763
2004,11,27,-0.514137626
2004,11,28,0.103035994
2004,11,29,0.437844366
2004,11,30,0.450769663
2004,12,1,0.714364886
2004,12,2,1.035123348
2004,12,3,1.464290977
2004,12,4,1.159172177
2004,12,5,1.11901927
2004,12,6,0.882342458
2004,12,7,0.721788287
2004,12,8,0.607111871
2004,12,9,0.106681705
2004,12,10,-0.365679353
2004,12,11,-0.329683065
2004,12,12,-0.791453838
2004,12,13,-0.780093014
2004,12,14,0.309315562
2004,12,15,1.311697364
2004,12,16,1.87112999
2004,12,17,2.054530382
2004,12,18,1.46652627
2004,12,19,1.383601904
2004,12,20,0.709629059
2004,12,21,0.839502394
2004,12,22,1.354469776
2004,12,23,1.993255377
2004,12,24,1.451623321
2004,12,25,0.736833811
2004,12,26,1.836324692
2004,12,27,3.072538853
2004,12,28,2.690268278
2004,12,29,2.298476934
2004,12,30,2.717936754
2004,12,31,3.133063078
2005,1,1,3.08976078
2005,1,2,2.764288664
2005,1,3,3.338266373
2005,1,4,4.450159073
2005,1,5,4.703413963
2005,1,6,4.079077244
2005,1,7,3.64820075
2005,1,8,3.482419014
2005,1,9,3.178695679
2005,1,10,2.587558985
2005,1,11,1.722839475
2005,1,12,0.691921055
2005,1,13,-0.605083764
2005,1,14,-1.500226021
2005,1,15,-0.951954782
2005,1,16,0.863750875
2005,1,17,1.426373005
2005,1,18,0.689814687
2005,1,19,0.731721342
2005,1,20,0.154147655
2005,1,21,-1.423626304
2005,1,22,-2.62084794
2005,1,23,-2.947189093
2005,1,24,-3.132372141
2005,1,25,-3.818710566
2005,1,26,-3.526652098
2005,1,27,-3.006330013
2005,1,28,-2.184833288
2005,1,29,-1.939268947
2005,1,30,-1.7166394
2005,1,31,-1.583067894
2005,2,1,-1.20874846
2005,2,2,-0.448660612
2005,2,3,-0.417547941
2005,2,4,-0.579753697
2005,2,5,-0.854646623
2005,2,6,-0.371069521
2005,2,7,0.484310895
2005,2,8,1.047012091
2005,2,9,1.409707904
2005,2,10,1.478600025
2005,2,11,1.305756807
2005,2,12,-0.109577358
2005,2,13,-1.539448738
2005,2,14,-1.678138137
2005,2,15,-1.462537169
2005,2,16,-0.9030146
2005,2,17,-0.83451879
2005,2,18,-1.062292576
2005,2,19,-1.126250744
2005,2,20,-1.376135945
2005,2,21,-1.968602538
2005,2,22,-2.516780615
2005,2,23,-2.862976074
2005,2,24,-3.221477747
2005,2,25,-3.881937742
2005,2,26,-4.336728096
2005,2,27,-3.992791176
2005,2,28,-3.286490202
2005,3,1,-2.72571373
2005,3,2,-1.805885911
2005,3,3,-0.906120718
2005,3,4,-0.809595764
2005,3,5,-1.26016891
2005,3,6,-1.676033974
2005,3,7,-2.480506897
2005,3,8,-2.840040922
2005,3,9,-2.323042631
2005,3,10,-1.967219591
2005,3,11,-1.745736957
2005,3,12,-1.974367142
2005,3,13,-2.112275839
2005,3,14,-1.792057633
2005,3,15,-1.432802677
2005,3,16,-1.128980637
2005,3,17,-1.417121291
2005,3,18,-2.255959272
2005,3,19,-2.599926233
2005,3,20,-2.120300293
2005,3,21,-1.70950675
2005,3,22,-0.72714448
2005,3,23,0.128269881
2005,3,24,0.031993944
2005,3,25,-0.408756346
2005,3,26,-1.009231329
2005,3,27,-0.838569283
2005,3,28,-0.499676138
2005,3,29,-0.319636226
2005,3,30,-0.346431315
2005,3,31,-0.296786785
2005,4,1,0.34086898
2005,11,1,1.708805919
2005,11,2,1.52047503
2005,11,3,1.332599759
2005,11,4,1.737267613
2005,11,5,1.837389231
2005,11,6,1.40512085
2005,11,7,0.475846231
2005,11,8,-0.061211057
2005,11,9,1.01804626
2005,11,10,1.799227357
2005,11,11,1.040236712
2005,11,12,0.207613349
2005,11,13,0.591568947
2005,11,14,0.813556135
2005,11,15,0.275659919
2005,11,16,0.437719494
2005,11,17,0.102621913
2005,11,18,-0.045337003
2005,11,19,0.685869992
2005,11,20,0.939833283
2005,11,21,-0.013874719
2005,11,22,-0.923806608
2005,11,23,-1.514450312
2005,11,24,-1.732305408
2005,11,25,-1.445696712
2005,11,26,-0.89753741
2005,11,27,-1.370760322
2005,11,28,-1.908479095
2005,11,29,-0.923933566
2005,11,30,-0.507204413
2005,12,1,-1.22633338
2005,12,2,-2.09676671
2005,12,3,-2.679364681
2005,12,4,-3.398560286
2005,12,5,-3.569118977
2005,12,6,-3.453871489
2005,12,7,-2.579170942
2005,12,8,-1.01002717
2005,12,9,-0.068295807
2005,12,10,0.159701467
2005,12,11,-0.078464665
2005,12,12,-0.991366267
2005,12,13,-1.642503262
2005,12,14,-2.019632578
2005,12,15,-2.130771875
2005,12,16,-2.600912094
2005,12,17,-2.345355034
2005,12,18,-1.648800611
2005,12,19,-1.348883986
2005,12,20,-1.706424117
2005,12,21,-2.040145397
2005,12,22,-1.673203588
2005,12,23,-2.059811115
2005,12,24,-2.749629021
2005,12,25,-2.607120275
2005,12,26,-2.753112555
2005,12,27,-2.899303913
2005,12,28,-2.938693523
2005,12,29,-2.944591522
2005,12,30,-2.182073593
2005,12,31,-1.621290803
2006,1,1,-1.184304714
2006,1,2,-0.617188632
2006,1,3,-0.823589742
2006,1,4,-1.134832859
2006,1,5,-1.647933245
2006,1,6,-1.644327402
2006,1,7,-1.272022009
2006,1,8,-0.655530453
2006,1,9,1.299223304
2006,1,10,2.883536339
2006,1,11,3.339051485
2006,1,12,2.574913025
2006,1,13,1.473218203
2006,1,14,0.50149858
2006,1,15,-0.260476321
2006,1,16,-0.819553912
2006,1,17,-0.566104174
2006,1,18,-0.017034333
2006,1,19,-0.240018323
2006,1,20,-0.055740412
2006,1,21,-0.204522371
2006,1,22,0.310501367
2006,1,23,0.44976598
2006,1,24,-0.571944892
2006,1,25,-1.409314632
2006,1,26,-1.388738036
2006,1,27,-1.143685222
2006,1,28,-0.583568752
2006,1,29,-0.208113492
2006,1,30,-0.41456297
2006,1,31,-1.068354607
2006,2,1,-1.550221682
2006,2,2,-2.200622797
2006,2,3,-2.728607178
2006,2,4,-2.521976948
2006,2,5,-1.949760318
2006,2,6,-1.357117295
2006,2,7,-0.542418838
2006,2,8,-0.060706172
2006,2,9,-0.498379409
2006,2,10,-0.562573552
2006,2,11,-0.175159127
2006,2,12,0.263652772
2006,2,13,0.144090012
2006,2,14,0.884467125
2006,2,15,1.947210193
2006,2,16,1.969885826
2006,2,17,1.355113387
2006,2,18,0.964515626
2006,2,19,1.392629147
2006,2,20,2.073481321
2006,2,21,2.375457048
2006,2,22,1.683964252
2006,2,23,0.61164391
2006,2,24,-0.12085776
2006,2,25,-0.685182512
2006,2,26,-1.116952658
2006,2,27,-1.775718808
2006,2,28,-2.028992891
2006,3,1,-1.856859684
2006,3,2,-2.002526045
2006,3,3,-1.667324781
2006,3,4,-1.130665779
2006,3,5,-0.57930553
2006,3,6,0.059424631
2006,3,7,1.054111242
2006,3,8,1.758226871
2006,3,9,1.437643647
2006,3,10,0.111004665
2006,3,11,-0.783167541
2006,3,12,-0.902950406
2006,3,13,-1.192024708
2006,3,14,-2.01346612
2006,3,15,-2.599246979
2006,3,16,-2.877780914
2006,3,17,-2.825480223
2006,3,18,-2.930062056
2006,3,19,-3.155895472
2006,3,20,-3.505727291
2006,3,21,-3.821592569
2006,3,22,-3.690186739
2006,3,23,-3.334841728
2006,3,24,-2.800745726
2006,3,25,-1.955333829
2006,3,26,-1.500728965
2006,3,27,-1.168857217
2006,3,28,-0.912518144
2006,3,29,-1.204050183
2006,3,30,-1.339758515
2006,3,31,-1.201999664
2006,4,1,-1.276299715
2006,11,1,-1.487048864
2006,11,2,-1.167184949
2006,11,3,-0.635537982
2006,11,4,0.433462411
2006,11,5,1.008529425
2006,11,6,1.205138683
2006,11,7,1.857217669
2006,11,8,2.4116745
2006,11,9,2.125213623
2006,11,10,1.930424571
2006,11,11,2.065124989
2006,11,12,2.113373041
2006,11,13,1.464557528
2006,11,14,0.062043428
2006,11,15,-0.967965245
2006,11,16,-0.817292035
2006,11,17,-0.421693414
2006,11,18,0.16779305
2006,11,19,0.717495143
2006,11,20,0.600546539
2006,11,21,0.486770362
2006,11,22,0.230132326
2006,11,23,-0.369374961
2006,11,24,-0.938849092
2006,11,25,-0.508962154
2006,11,26,0.47292915
2006,11,27,0.771336138
2006,11,28,0.683937132
2006,11,29,0.492498964
2006,11,30,1.093757987
2006,12,1,1.89861834
2006,12,2,1.99442637
2006,12,3,1.871224999
2006,12,4,1.812949657
2006,12,5,1.283673286
2006,12,6,1.182443142
2006,12,7,1.336661458
2006,12,8,1.342385292
2006,12,9,1.971601486
2006,12,10,3.575359106
2006,12,11,3.890180826
2006,12,12,3.537624359
2006,12,13,3.496925831
2006,12,14,3.555073738
2006,12,15,3.159411669
2006,12,16,2.532468796
2006,12,17,1.753825188
2006,12,18,1.832670212
2006,12,19,2.05594635
2006,12,20,2.183219433
2006,12,21,2.627865553
2006,12,22,2.157266378
2006,12,23,1.408074021
2006,12,24,0.888915718
2006,12,25,0.819105327
2006,12,26,1.228346586
2006,12,27,1.446140289
2006,12,28,1.531514168
2006,12,29,2.419859409
2006,12,30,3.640043736
2006,12,31,3.778878927
2007,1,1,3.826793194
2007,1,2,3.590482712
2007,1,3,3.825955153
2007,1,4,3.889552832
2007,1,5,3.989621401
2007,1,6,3.975045204
2007,1,7,3.853758335
2007,1,8,3.284264565
2007,1,9,2.605226994
2007,1,10,3.199690819
2007,1,11,3.420440197
2007,1,12,3.144206047
2007,1,13,2.76233387
2007,1,14,2.608979702
2007,1,15,2.148419857
2007,1,16,1.685734391
2007,1,17,1.743783236
2007,1,18,2.467661142
2007,1,19,2.296673298
2007,1,20,1.296518564
2007,1,21,-0.173056304
2007,1,22,-0.432074487
2007,1,23,-0.023305703
2007,1,24,-0.397419006
2007,1,25,-0.100169957
2007,1,26,-0.062630072
2007,1,27,0.275425494
2007,1,28,0.540140569
2007,1,29,0.304274201
2007,1,30,0.587129533
2007,1,31,0.66999048
2007,2,1,-0.106467478
2007,2,2,-0.603174388
2007,2,3,-1.621073246
2007,2,4,-2.183544636
2007,2,5,-1.835016012
2007,2,6,-1.680431247
2007,2,7,-1.722801447
2007,2,8,-1.951103568
2007,2,9,-1.866981506
2007,2,10,-1.628920436
2007,2,11,-1.528913617
2007,2,12,-1.608626842
2007,2,13,-1.907085419
2007,2,14,-1.65057981
2007,2,15,-1.23227644
2007,2,16,-1.034942269
2007,2,17,-1.203012943
2007,2,18,-0.528814733
2007,2,19,-0.587994695
2007,2,20,-1.446701646
2007,2,21,-1.740334749
2007,2,22,-2.10017395
2007,2,23,-1.941503406
2007,2,24,-1.232627869
2007,2,25,-0.722287357
2007,2,26,-0.31265977
2007,2,27,0.2978383
2007,2,28,0.386191487
2007,3,1,0.110145122
2007,3,2,0.214159444
2007,3,3,0.59726429
2007,3,4,0.143232644
2007,3,5,0.00850322
2007,3,6,0.221279174
2007,3,7,0.130910173
2007,3,8,0.514411867
2007,3,9,0.949242294
2007,3,10,1.648897052
2007,3,11,2.336033821
2007,3,12,2.081447363
2007,3,13,1.99210453
2007,3,14,1.912249088
2007,3,15,1.661066771
2007,3,16,1.937078357
2007,3,17,2.353259802
2007,3,18,1.696467638
2007,3,19,0.639769495
2007,3,20,1.297400475
2007,3,21,1.721924186
2007,3,22,1.431605697
2007,3,23,0.81229955
2007,3,24,1.083927631
2007,3,25,1.70182538
2007,3,26,1.688501477
2007,3,27,1.322283149
2007,3,28,1.080711365
2007,3,29,0.848528385
2007,3,30,0.959261656
2007,3,31,0.57843852
2007,4,1,-0.224507019
2007,11,1,0.821361482
2007,11,2,1.218920469
2007,11,3,1.224554181
2007,11,4,-0.065534316
2007,11,5,-0.479875922
2007,11,6,-0.111620285
2007,11,7,-0.209624141
2007,11,8,-0.28930366
2007,11,9,-0.393468469
2007,11,10,-1.096336603
2007,11,11,-1.7583462
2007,11,12,-1.980163217
2007,11,13,-1.759114385
2007,11,14,-2.086933374
2007,11,15,-1.464781642
2007,11,16,-1.098476887
2007,11,17,-0.795865774
2007,11,18,-0.748359919
2007,11,19,-0.563691318
2007,11,20,-0.732912958
2007,11,21,-0.755457103
2007,11,22,0.09758994
2007,11,23,0.732447982
2007,11,24,0.160904199
2007,11,25,-0.645828605
2007,11,26,-0.394929916
2007,11,27,-0.214578688
2007,11,28,-0.170410395
2007,11,29,-0.406478316
2007,11,30,-1.042927265
2007,12,1,-1.347606778
2007,12,2,-1.10547483
2007,12,3,-0.801905155
2007,12,4,0.015366202
2007,12,5,1.354698896
2007,12,6,2.459019184
2007,12,7,2.490420103
2007,12,8,1.826689363
2007,12,9,1.049269676
2007,12,10,0.518817723
2007,12,11,0.342493802
2007,12,12,0.36702615
2007,12,13,0.844094336
2007,12,14,1.26072526
2007,12,15,0.897701859
2007,12,16,0.237410679
2007,12,17,-0.894886076
2007,12,18,-0.966239631
2007,12,19,0.303916246
2007,12,20,0.570224285
2007,12,21,0.409348279
2007,12,22,0.579150975
2007,12,23,1.771932483
2007,12,24,2.759099722
2007,12,25,2.774979115
2007,12,26,2.249271393
2007,12,27,1.675001502
2007,12,28,1.616148591
2007,12,29,1.278119206
2007,12,30,0.609506309
2007,12,31,-0.597723901
2008,1,1,-2.031163216
2008,1,2,-2.467947721
2008,1,3,-2.227719784
2008,1,4,-0.908397496
2008,1,5,-0.332642943
2008,1,6,-0.371051788
2008,1,7,-0.566799998
2008,1,8,-0.780284941
2008,1,9,-0.833830535
2008,1,10,-0.603379905
2008,1,11,-0.730647743
2008,1,12,-1.00159955
2008,1,13,-0.820228815
2008,1,14,-0.06978564
2008,1,15,0.396660089
2008,1,16,0.725998163
2008,1,17,1.006599307
2008,1,18,1.16494143
2008,1,19,1.33584559
2008,1,20,1.231495142
2008,1,21,2.011563063
2008,1,22,3.386743784
2008,1,23,4.300684452
2008,1,24,4.597984314
2008,1,25,4.458348274
2008,1,26,3.542128086
2008,1,27,2.426000595
2008,1,28,2.143735647
2008,1,29,1.994500279
2008,1,30,1.949301243
2008,1,31,1.554670811
2008,2,1,1.928181171
2008,2,2,2.440243959
2008,2,3,1.86248064
2008,2,4,1.40805769
2008,2,5,1.006085396
2008,2,6,0.803660631
2008,2,7,0.45686993
2008,2,8,0.111797102
2008,2,9,-0.436348259
2008,2,10,-1.334185839
2008,2,11,-1.653834343
2008,2,12,-1.539160132
2008,2,13,-1.462677479
2008,2,14,-1.561451316
2008,2,15,-1.037233353
2008,2,16,-0.161956877
2008,2,17,0.046153221
2008,2,18,0.019456603
2008,2,19,0.737291932
2008,2,20,2.615924597
2008,2,21,4.398511887
2008,2,22,4.590474606
2008,2,23,3.421657085
2008,2,24,2.368491888
2008,2,25,2.177180529
2008,2,26,1.700265765
2008,2,27,1.269316435
2008,2,28,1.153554797
2008,2,29,1.552296281
2008,3,1,1.390472531
2008,3,2,0.765485227
2008,3,3,-0.027123451
2008,3,4,0.113191992
2008,3,5,0.875489116
2008,3,6,1.162230134
2008,3,7,1.071132541
2008,3,8,1.341693878
2008,3,9,1.725578666
2008,3,10,1.794021606
2008,3,11,1.821584344
2008,3,12,1.694050789
2008,3,13,0.735623479
2008,3,14,-0.455578506
2008,3,15,-0.971105039
2008,3,16,-0.66508472
2008,3,17,-0.352273226
2008,3,18,-0.074715734
2008,3,19,0.082896493
2008,3,20,0.125292376
2008,3,21,-0.503194928
2008,3,22,-0.571428776
2008,3,23,0.393715888
2008,3,24,1.197803259
2008,3,25,1.312253118
2008,3,26,1.082026362
2008,3,27,0.93855232
2008,3,28,0.754350126
2008,3,29,0.482716888
2008,3,30,0.146175548
2008,3,31,0.118624605
2008,11,1,1.059902668
2008,11,2,1.274050713
2008,11,3,0.817033827
2008,11,4,-0.044522688
2008,11,5,-0.745235026
2008,11,6,-0.935866892
2008,11,7,-0.421646416
2008,11,8,0.077693358
2008,11,9,0.111715317
2008,11,10,-0.251123071
2008,11,11,0.096960209
2008,11,12,1.082485437
2008,11,13,1.418915272
2008,11,14,1.169651508
2008,11,15,1.23854208
2008,11,16,1.279281139
2008,11,17,1.749105334
2008,11,18,2.181027412
2008,11,19,1.617643952
2008,11,20,0.211989596
2008,11,21,-0.410245866
2008,11,22,-0.241632432
2008,11,23,-1.173425674
2008,11,24,-1.520849705
2008,11,25,-0.785294652
2008,11,26,-0.049752273
2008,11,27,-0.70104301
2008,11,28,-1.372719169
2008,11,29,-1.763249159
2008,11,30,-2.304626465
2008,12,1,-2.109296083
2008,12,2,-1.431218863
2008,12,3,-0.765768051
2008,12,4,-0.344901562
2008,12,5,0.312018037
2008,12,6,1.02805686
2008,12,7,1.303969264
2008,12,8,0.648405492
2008,12,9,0.850911856
2008,12,10,1.727151632
2008,12,11,1.632037163
2008,12,12,1.283322573
2008,12,13,0.069078349
2008,12,14,-0.183324113
2008,12,15,0.95416528
2008,12,16,2.209909201
2008,12,17,2.325982809
2008,12,18,2.209846973
2008,12,19,2.318240404
2008,12,20,2.258361816
2008,12,21,1.946125627
2008,12,22,1.211813807
2008,12,23,1.696248889
2008,12,24,2.098952293
2008,12,25,1.091646552
2008,12,26,0.505798042
2008,12,27,0.016640117
2008,12,28,-0.856760859
2008,12,29,-1.364713073
2008,12,30,-1.614957571
2008,12,31,-1.66390121
2009,1,1,-1.87002039
2009,1,2,-2.099100351
2009,1,3,-2.075743198
2009,1,4,-1.575586677
2009,1,5,-0.655899167
2009,1,6,0.028669912
2009,1,7,0.865229726
2009,1,8,1.42355597
2009,1,9,1.964241147
2009,1,10,2.793214321
2009,1,11,3.25621438
2009,1,12,2.765965939
2009,1,13,1.997895837
2009,1,14,0.923700511
2009,1,15,0.861922979
2009,1,16,1.871198177
2009,1,17,2.278324604
2009,1,18,2.455153942
2009,1,19,1.713326097
2009,1,20,0.443498939
2009,1,21,0.09243273
2009,1,22,0.368201256
2009,1,23,1.020370603
2009,1,24,1.056979418
2009,1,25,0.908167064
2009,1,26,1.542271852
2009,1,27,1.90816462
2009,1,28,1.221093535
2009,1,29,0.074331224
2009,1,30,-0.348047078
2009,1,31,-1.302502394
2009,2,1,-2.869701147
2009,2,2,-3.024361134
2009,2,3,-3.177569628
2009,2,4,-2.928220272
2009,2,5,-1.717657685
2009,2,6,-0.696228623
2009,2,7,0.211981207
2009,2,8,0.208433792
2009,2,9,-0.587989569
2009,2,10,-1.022877693
2009,2,11,-1.485798717
2009,2,12,-2.165355444
2009,2,13,-2.46569705
2009,2,14,-2.43615365
2009,2,15,-1.493087769
2009,2,16,-0.45620513
2009,2,17,-0.22013557
2009,2,18,-0.701801896
2009,2,19,-0.219451219
2009,2,20,0.355001032
2009,2,21,-0.009637439
2009,2,22,-0.093318827
2009,2,23,-0.155015931
2009,2,24,0.382805705
2009,2,25,1.532049537
2009,2,26,2.555639744
2009,2,27,2.232279301
2009,2,28,2.290402889
2009,3,1,2.296439648
2009,3,2,1.968083739
2009,3,3,1.698064089
2009,3,4,0.845843852
2009,3,5,0.493854463
2009,3,6,0.998486638
2009,3,7,1.008826852
2009,3,8,0.117766976
2009,3,9,-0.472568065
2009,3,10,-0.694010139
2009,3,11,-0.683885574
2009,3,12,-0.215532571
2009,3,13,0.104182117
2009,3,14,0.365877628
2009,3,15,0.160633296
2009,3,16,-0.097091071
2009,3,17,-0.52303642
2009,3,18,-0.497462958
2009,3,19,-0.522460759
2009,3,20,-0.353396326
2009,3,21,-0.251035184
2009,3,22,-0.09967149
2009,3,23,0.097380675
2009,3,24,-0.068959944
2009,3,25,0.043513641
2009,3,26,0.446054995
2009,3,27,0.266200244
2009,3,28,-0.081162624
2009,3,29,-0.50366801
2009,3,30,-0.190385878
2009,3,31,-0.053677768
2009,4,1,0.317986757
2009,11,1,1.89608407
2009,11,2,2.68883419
2009,11,3,1.330426574
2009,11,4,-0.690328062
2009,11,5,-0.843616068
2009,11,6,-0.186514378
2009,11,7,-0.478880048
2009,11,8,-0.332003683
2009,11,9,0.25559029
2009,11,10,0.177319363
2009,11,11,-0.157717332
2009,11,12,0.031372376
2009,11,13,-0.241460532
2009,11,14,-0.056787774
2009,11,15,0.629932046
2009,11,16,0.774371803
2009,11,17,1.110146165
2009,11,18,1.557074189
2009,11,19,1.118109345
2009,11,20,0.738135278
2009,11,21,0.562397838
2009,11,22,0.593958318
2009,11,23,0.615271866
2009,11,24,0.383282393
2009,11,25,0.653902471
2009,11,26,1.232255697
2009,11,27,1.074565291
2009,11,28,0.054583434
2009,11,29,-0.620045543
2009,11,30,-0.597343922
2009,12,1,-0.227242753
2009,12,2,-0.328733951
2009,12,3,-0.399577081
2009,12,4,-0.842121005
2009,12,5,-1.646519899
2009,12,6,-1.431595325
2009,12,7,-1.004899144
2009,12,8,-0.833247185
2009,12,9,-1.239917874
2009,12,10,-2.614373207
2009,12,11,-3.618389845
2009,12,12,-3.767267466
2009,12,13,-3.845915079
2009,12,14,-3.820636034
2009,12,15,-3.890272379
2009,12,16,-3.610435963
2009,12,17,-3.744002819
2009,12,18,-4.238319874
2009,12,19,-4.650906563
2009,12,20,-5.341105938
2009,12,21,-5.820757389
2009,12,22,-5.503448486
2009,12,23,-5.576803684
2009,12,24,-5.256432533
2009,12,25,-5.051913261
2009,12,26,-4.405938625
2009,12,27,-3.723783255
2009,12,28,-3.696146011
2009,12,29,-3.835558891
2009,12,30,-3.969122887
2009,12,31,-4.099982262
2010,1,1,-4.615200996
2010,1,2,-5.383527756
2010,1,3,-5.532634735
2010,1,4,-5.402942181
2010,1,5,-5.180144787
2010,1,6,-5.094923019
2010,1,7,-4.67146492
2010,1,8,-3.909797668
2010,1,9,-3.500233889
2010,1,10,-3.316908121
2010,1,11,-2.776238918
2010,1,12,-1.795781016
2010,1,13,-1.303530693
2010,1,14,-1.469063878
2010,1,15,-1.002750516
2010,1,16,0.163047686
2010,1,17,0.519264638
2010,1,18,-0.0796386
2010,1,19,-0.747325897
2010,1,20,-1.386417747
2010,1,21,-1.805280447
2010,1,22,-2.022447109
2010,1,23,-2.138444901
2010,1,24,-1.779765129
2010,1,25,-0.991378605
2010,1,26,-0.728392243
2010,1,27,-0.768620253
2010,1,28,-1.677207112
2010,1,29,-2.580152273
2010,1,30,-3.230592728
2010,1,31,-3.132171154
2010,2,1,-2.596334696
2010,2,2,-2.300053835
2010,2,3,-2.74954319
2010,2,4,-3.80614686
2010,2,5,-4.705652714
2010,2,6,-5.205150127
2010,2,7,-5.005311966
2010,2,8,-4.734269142
2010,2,9,-4.459039688
2010,2,10,-4.265782356
2010,2,11,-4.637675762
2010,2,12,-4.757772446
2010,2,13,-4.94496727
2010,2,14,-5.132242203
2010,2,15,-4.730499744
2010,2,16,-4.292440891
2010,2,17,-4.125115871
2010,2,18,-3.943095207
2010,2,19,-4.025702953
2010,2,20,-4.320093155
2010,2,21,-4.461595535
2010,2,22,-4.402802467
2010,2,23,-4.590689182
2010,2,24,-4.210590839
2010,2,25,-3.818026781
2010,2,26,-3.229980946
2010,2,27,-3.117632627
2010,2,28,-2.625115871
2010,3,1,-2.170368433
2010,3,2,-1.999258637
2010,3,3,-1.656477213
2010,3,4,-1.29550159
2010,3,5,-0.511935234
2010,3,6,0.130285755
2010,3,7,0.214076906
2010,3,8,0.229192108
2010,3,9,0.719402969
2010,3,10,0.914775014
2010,3,11,0.473980337
2010,3,12,-0.081293352
2010,3,13,-0.270812243
2010,3,14,-0.124239028
2010,3,15,-0.052098129
2010,3,16,0.161995843
2010,3,17,1.030967474
2010,3,18,1.303731561
2010,3,19,1.188031673
2010,3,20,1.062766314
2010,3,21,0.459693879
2010,3,22,0.266777217
2010,3,23,-0.20197466
2010,3,24,-1.078926563
2010,3,25,-1.596448302
2010,3,26,-1.899736047
2010,3,27,-2.168544292
2010,3,28,-2.250589609
2010,3,29,-1.571513772
2010,3,30,-1.431930542
2010,3,31,-1.644690394
2010,4,1,-1.240911841
2010,11,1,1.291020155
2010,11,2,2.380668402
2010,11,3,2.336533785
2010,11,4,1.653954983
2010,11,5,1.532069683
2010,11,6,2.180784225
2010,11,7,2.806557655
2010,11,8,0.741423547
2010,11,9,-0.767755806
2010,11,10,-1.041490793
2010,11,11,-0.477621555
2010,11,12,0.35551393
2010,11,13,1.50682354
2010,11,14,2.450865746
2010,11,15,2.559844017
2010,11,16,1.719441414
2010,11,17,0.258831292
2010,11,18,-0.805253983
2010,11,19,-1.68801856
2010,11,20,-2.320937872
2010,11,21,-2.38960886
2010,11,22,-2.231606245
2010,11,23,-2.407824278
2010,11,24,-2.704819918
2010,11,25,-3.334852219
2010,11,26,-4.057966232
2010,11,27,-3.934966087
2010,11,28,-2.855633259
2010,11,29,-2.253201008
2010,11,30,-1.377249956
2010,12,1,-0.37172091
2010,12,2,0.135333136
2010,12,3,-0.464218944
2010,12,4,-1.355028987
2010,12,5,-1.506945252
2010,12,6,-2.201237202
2010,12,7,-2.305548668
2010,12,8,-1.663633347
2010,12,9,-0.362886757
2010,12,10,-0.232932538
2010,12,11,-1.095853806
2010,12,12,-1.573283911
2010,12,13,-1.889533758
2010,12,14,-2.14806056
2010,12,15,-2.650443077
2010,12,16,-3.598291636
2010,12,17,-4.548563004
2010,12,18,-5.264742374
2010,12,19,-4.695358276
2010,12,20,-4.110721588
2010,12,21,-4.229507446
2010,12,22,-3.987635612
2010,12,23,-3.692025423
2010,12,24,-3.862136602
2010,12,25,-3.827390671
2010,12,26,-2.886236906
2010,12,27,-2.531652927
2010,12,28,-2.776395798
2010,12,29,-2.96596694
2010,12,30,-3.017768383
2010,12,31,-2.982174397
2011,1,1,-3.009777784
2011,1,2,-3.076477528
2011,1,3,-3.021749973
2011,1,4,-2.634139061
2011,1,5,-2.710429668
2011,1,6,-2.986032724
2011,1,7,-2.986481428
2011,1,8,-2.9204638
2011,1,9,-3.193190575
2011,1,10,-3.62904191
2011,1,11,-3.805666685
2011,1,12,-3.297402859
2011,1,13,-2.476292133
2011,1,14,-1.62111938
2011,1,15,-0.703516126
2011,1,16,0.152027383
2011,1,17,0.069036879
2011,1,18,-0.894518256
2011,1,19,-1.898180604
2011,1,20,-2.144642591
2011,1,21,-2.294687986
2011,1,22,-2.411499739
2011,1,23,-2.135210037
2011,1,24,-1.084946275
2011,1,25,-0.271617919
2011,1,26,-0.141789824
2011,1,27,0.027733229
2011,1,28,0.45773533
2011,1,29,1.119960546
2011,1,30,1.358320713
2011,1,31,1.84075737
2011,2,1,2.097404718
2011,2,2,2.765965462
2011,2,3,3.54179883
2011,2,4,3.913686514
2011,2,5,3.103848696
2011,2,6,2.055950165
2011,2,7,1.55861938
2011,2,8,0.98907584
2011,2,9,1.192132711
2011,2,10,1.36342442
2011,2,11,1.664282799
2011,2,12,2.150246143
2011,2,13,1.826545835
2011,2,14,0.833903313
2011,2,15,-0.00661659
2011,2,16,-0.823799014
2011,2,17,-0.726330698
2011,2,18,-0.204627752
2011,2,19,0.283293009
2011,2,20,0.856404126
2011,2,21,1.23480165
2011,2,22,0.759350002
2011,2,23,0.727942228
2011,2,24,1.959935069
2011,2,25,3.666145802
2011,2,26,3.411043167
2011,2,27,1.440924644
2011,2,28,0.905113459
2011,3,1,0.455895633
2011,3,2,0.388920844
2011,3,3,0.720823228
2011,3,4,0.523540616
2011,3,5,0.664797485
2011,3,6,0.919966638
2011,3,7,1.431531429
2011,3,8,1.741155267
2011,3,9,1.443836212
2011,3,10,1.349877238
2011,3,11,0.803375661
2011,3,12,-0.180501744
2011,3,13,-0.22001195
2011,3,14,1.002921224
2011,3,15,1.799120665
2011,3,16,1.935052037
2011,3,17,1.474932194
2011,3,18,0.855726838
2011,3,19,1.02806437
2011,3,20,1.603211403
2011,3,21,2.385854721
2011,3,22,1.985559702
2011,3,23,1.388965249
2011,3,24,1.32019937
2011,3,25,1.618954182
2011,3,26,1.778124094
2011,3,27,1.747284174
2011,3,28,1.473109841
2011,3,29,1.456422448
2011,3,30,2.233487606
2011,3,31,3.008925676
2011,4,1,2.891000986
2011,11,1,1.420210004
2011,11,2,0.914214551
2011,11,3,0.264212042
2011,11,4,0.458079576
2011,11,5,0.774526358
2011,11,6,1.430811644
2011,11,7,1.882279634
2011,11,8,1.301770687
2011,11,9,0.359078467
2011,11,10,0.098068386
2011,11,11,-1.016191363
2011,11,12,-0.703382432
2011,11,13,0.850520492
2011,11,14,1.244881511
2011,11,15,0.98115164
2011,11,16,0.749209166
2011,11,17,0.676417232
2011,11,18,0.94984448
2011,11,19,1.433489084
2011,11,20,1.870675206
2011,11,21,1.522961378
2011,11,22,1.729287505
2011,11,23,2.329099178
2011,11,24,2.849452019
2011,11,25,3.519471645
2011,11,26,3.341929436
2011,11,27,3.029698372
2011,11,28,2.892867804
2011,11,29,2.61523962
2011,11,30,2.445632458
2011,12,1,3.001004934
2011,12,2,4.349628925
2011,12,3,3.948420525
2011,12,4,3.298072815
2011,12,5,3.571353674
2011,12,6,3.729010344
2011,12,7,2.418505669
2011,12,8,1.27048111
2011,12,9,0.991194367
2011,12,10,1.407569647
2011,12,11,1.552532792
2011,12,12,1.973269463
2011,12,13,1.752159119
2011,12,14,1.082831502
2011,12,15,0.595788181
2011,12,16,0.448569506
2011,12,17,-0.017565731
2011,12,18,0.335220695
2011,12,19,0.836465418
2011,12,20,0.85266614
2011,12,21,0.887588799
2011,12,22,1.378090858
2011,12,23,2.555606365
2011,12,24,3.569630623
2011,12,25,3.824133158
2011,12,26,3.472703457
2011,12,27,2.613662004
2011,12,28,2.606622458
2011,12,29,2.562876701
2011,12,30,2.661492825
2011,12,31,2.864596367
2012,1,1,1.830999494
2012,1,2,0.940529466
2012,1,3,0.959211886
2012,1,4,1.441945314
2012,1,5,0.823693335
2012,1,6,0.189239651
2012,1,7,0.123137221
2012,1,8,1.171295285
2012,1,9,1.738794923
2012,1,10,1.489394426
2012,1,11,1.455290198
2012,1,12,1.160627604
2012,1,13,0.882765114
2012,1,14,0.364881635
2012,1,15,0.470904887
2012,1,16,0.276058346
2012,1,17,0.184234366
2012,1,18,0.731941521
2012,1,19,0.58535862
2012,1,20,0.261210412
2012,1,21,-0.769055903
2012,1,22,-2.010125875
2012,1,23,-2.210998297
2012,1,24,-1.774967432
2012,1,25,-1.292316675
2012,1,26,-1.652929425
2012,1,27,-2.836830854
2012,1,28,-3.450525761
2012,1,29,-2.905914545
2012,1,30,-2.473008633
2012,1,31,-2.275151968
2012,2,1,-2.464637995
2012,2,2,-2.292560101
2012,2,3,-1.88683486
2012,2,4,-1.594815254
2012,2,5,-2.025719166
2012,2,6,-1.97434473
2012,2,7,-2.08628726
2012,2,8,-1.859270573
2012,2,9,-1.488139391
2012,2,10,-0.932881474
2012,2,11,-0.179816872
2012,2,12,0.04029825
2012,2,13,0.139522821
2012,2,14,0.310407102
2012,2,15,0.696511984
2012,2,16,0.98616004
2012,2,17,0.822085261
2012,2,18,0.397320181
2012,2,19,0.335681766
2012,2,20,0.598587334
2012,2,21,1.528100252
2012,2,22,2.444461107
2012,2,23,2.342869759
2012,2,24,1.651164889
2012,2,25,0.664956093
2012,2,26,0.754747987
2012,2,27,2.178373575
2012,2,28,1.910087943
2012,2,29,0.962130189
2012,3,1,0.653077483
2012,3,2,1.146264791
2012,3,3,1.463259816
2012,3,4,1.246378303
2012,3,5,1.398485541
2012,3,6,3.045284271
2012,3,7,3.316737652
2012,3,8,2.225225925
2012,3,9,2.482290506
2012,3,10,2.799682617
2012,3,11,1.740480423
2012,3,12,0.438272238
2012,3,13,0.075827785
2012,3,14,0.097268961
2012,3,15,1.095450282
2012,3,16,2.229117393
2012,3,17,2.475440025
2012,3,18,2.543525696
2012,3,19,2.582300663
2012,3,20,2.084890604
2012,3,21,0.943006635
2012,3,22,-0.486513436
2012,3,23,-1.527865529
2012,3,24,-0.925737023
2012,3,25,-0.288374841
2012,3,26,0.022462184
2012,3,27,-0.323003978
2012,3,28,-0.656088054
2012,3,29,-0.641028702
2012,3,30,-0.234037623
2012,3,31,-0.018265108
2012,11,1,-2.438772678
2012,11,2,-2.387732744
2012,11,3,-1.42176199
2012,11,4,-0.060888447
2012,11,5,1.093411446
2012,11,6,2.067680359
2012,11,7,2.19981432
2012,11,8,1.549317598
2012,11,9,0.57520777
2012,11,10,0.086513199
2012,11,11,0.942922652
2012,11,12,1.792838216
2012,11,13,1.349896073
2012,11,14,1.635377765
2012,11,15,1.872342229
2012,11,16,1.042111635
2012,11,17,0.507167101
2012,11,18,0.754761279
2012,11,19,0.43444097
2012,11,20,-0.240519449
2012,11,21,-0.447455555
2012,11,22,-0.348529935
2012,11,23,0.059147857
2012,11,24,-0.150827304
2012,11,25,-1.420886993
2012,11,26,-1.931609154
2012,11,27,-2.095237255
2012,11,28,-2.399290085
2012,11,29,-2.890077353
2012,11,30,-2.931327343
2012,12,1,-1.686270237
2012,12,2,-0.794002712
2012,12,3,-0.723893583
2012,12,4,-1.188430309
2012,12,5,-1.341001391
2012,12,6,-1.681948066
2012,12,7,-2.750874519
2012,12,8,-3.901739836
2012,12,9,-3.585414648
2012,12,10,-2.965136051
2012,12,11,-2.299529076
2012,12,12,-1.648216248
2012,12,13,-1.008044362
2012,12,14,-1.16203928
2012,12,15,-0.998706937
2012,12,16,-0.862127006
2012,12,17,-1.16056633
2012,12,18,-1.716101527
2012,12,19,-2.365864754
2012,12,20,-3.206548452
2012,12,21,-3.370929718
2012,12,22,-2.547430992
2012,12,23,-1.881456614
2012,12,24,-1.724152207
2012,12,25,-1.2731148
2012,12,26,-0.588061512
2012,12,27,-0.547066391
2012,12,28,-1.038070321
2012,12,29,-0.980743647
2012,12,30,-0.648688674
2012,12,31,-0.635292053
2013,1,1,-0.767696202
2013,1,2,-0.411276698
2013,1,3,0.206161588
2013,1,4,0.012398439
2013,1,5,-0.32057634
2013,1,6,-0.446696788
2013,1,7,-0.080690019
2013,1,8,0.657357216
2013,1,9,0.72575897
2013,1,10,0.177853093
2013,1,11,-0.941971481
2013,1,12,-1.867389202
2013,1,13,-1.931920528
2013,1,14,-1.305817962
2013,1,15,-0.53564471
2013,1,16,-0.474934399
2013,1,17,-0.729250014
2013,1,18,-0.889922857
2013,1,19,-1.647201061
2013,1,20,-1.957749486
2013,1,21,-2.444759607
2013,1,22,-2.74388504
2013,1,23,-2.550850391
2013,1,24,-1.490373611
2013,1,25,-0.226363435
2013,1,26,0.652635038
2013,1,27,0.986961186
2013,1,28,0.510219514
2013,1,29,0.133387491
2013,1,30,0.628688097
2013,1,31,0.847443819
2013,2,1,0.953661144
2013,2,2,1.263301253
2013,2,3,1.748333335
2013,2,4,1.321588874
2013,2,5,-0.420650274
2013,2,6,-0.929802775
2013,2,7,-0.882855296
2013,2,8,-0.711927354
2013,2,9,-0.700102389
2013,2,10,-1.017507434
2013,2,11,-1.088502526
2013,2,12,-1.086689353
2013,2,13,-1.048878908
2013,2,14,-1.259565711
2013,2,15,-1.224828839
2013,2,16,-1.092569947
2013,2,17,-1.317017674
2013,2,18,-2.208095789
2013,2,19,-2.620371819
2013,2,20,-2.56896925
2013,2,21,-2.324546337
2013,2,22,-2.045873404
2013,2,23,-1.682076693
2013,2,24,-2.44539094
2013,2,25,-2.44539094
2013,2,26,-2.44539094
2013,2,27,-1.55870676
2013,2,28,-1.623493671
2013,3,1,-1.723698497
2013,3,2,-2.23100543
2013,3,3,-3.063869476
2013,3,4,-3.582358122
2013,3,5,-3.801820993
2013,3,6,-3.631749153
2013,3,7,-3.339207411
2013,3,8,-3.29980135
2013,3,9,-2.754578114
2013,3,10,-2.434569359
2013,3,11,-2.147833586
2013,3,12,-1.633752584
2013,3,13,-0.873055518
2013,3,14,-0.861171901
2013,3,15,-1.433769464
2013,3,16,-2.076703787
2013,3,17,-2.844295263
2013,3,18,-4.147315025
2013,3,19,-5.19263792
2013,3,20,-5.688169479
2013,3,21,-5.3991642
2013,3,22,-5.24041605
2013,3,23,-4.855021477
2013,3,24,-4.600610733
2013,3,25,-4.298674107
2013,3,26,-4.021385193
2013,3,27,-3.557247162
2013,3,28,-2.820951462
2013,3,29,-1.820610523
2013,3,30,-0.990478992
2013,3,31,-0.870993316
2013,4,1,-1.429488182
2013,11,1,2.084268093
2013,11,2,1.652932167
2013,11,3,2.126308441
2013,11,4,2.551182985
2013,11,5,2.483262062
2013,11,6,2.048207998
2013,11,7,2.585550547
2013,11,8,3.149397612
2013,11,9,2.946214437
2013,11,10,3.297359705
2013,11,11,3.569835663
2013,11,12,3.099615097
2013,11,13,3.299441338
2013,11,14,3.794196844
2013,11,15,4.468506336
2013,11,16,3.899125099
2013,11,17,2.511536837
2013,11,18,1.545735478
2013,11,19,1.101444721
2013,11,20,0.647962213
2013,11,21,-0.3224051
2013,11,22,-1.166672587
2013,11,23,-1.362337828
2013,11,24,-1.021208048
2013,11,25,-0.044803388
2013,11,26,1.602180719
2013,11,27,1.748422027
2013,11,28,1.167300344
2013,11,29,2.31035614
2013,11,30,2.927875042
2013,12,1,2.302279234
2013,12,2,1.861389518
2013,12,3,1.632408977
2013,12,4,1.061712027
2013,12,5,0.426398903
2013,12,6,-0.136629328
2013,12,7,0.332499951
2013,12,8,1.262400627
2013,12,9,0.883474231
2013,12,10,0.378030241
2013,12,11,0.3985973
2013,12,12,1.4162184
2013,12,13,1.918329239
2013,12,14,3.178894997
2013,12,15,4.302807808
2013,12,16,3.797778845
2013,12,17,3.3080585
2013,12,18,2.620970964
2013,12,19,1.72196722
2013,12,20,2.419742346
2013,12,21,3.039945602
2013,12,22,2.815291405
2013,12,23,2.138703585
2013,12,24,1.292785883
2013,12,25,0.694910645
2013,12,26,0.582381308
2013,12,27,0.238559917
2013,12,28,0.071791053
2013,12,29,-0.086347543
2013,12,30,-0.583890676
2013,12,31,-1.197945237
2014,1,1,-1.557984352
2014,1,2,-1.31764102
2014,1,3,-1.139208794
2014,1,4,-1.657111883
2014,1,5,-1.836278319
2014,1,6,-1.572979689
2014,1,7,-1.375653982
2014,1,8,0.097489946
2014,1,9,1.417478323
2014,1,10,1.239901781
2014,1,11,0.498003155
2014,1,12,0.239803731
2014,1,13,-0.094638884
2014,1,14,-0.668268085
2014,1,15,-0.526039183
2014,1,16,-1.065329075
2014,1,17,-1.717421174
2014,1,18,-2.254714012
2014,1,19,-2.425897837
2014,1,20,-2.226860762
2014,1,21,-1.842634082
2014,1,22,-1.263121009
2014,1,23,-0.773865402
2014,1,24,0.275733978
2014,1,25,0.133141682
2014,1,26,-1.431879878
2014,1,27,-2.60497117
2014,1,28,-2.407675743
2014,1,29,-1.303507566
2014,1,30,-0.144968569
2014,1,31,0.340762675
2014,2,1,0.330766708
2014,2,2,0.105108485
2014,2,3,-0.183084011
2014,2,4,-0.148259297
2014,2,5,0.257593185
2014,2,6,0.493258804
2014,2,7,0.54167062
2014,2,8,0.607682288
2014,2,9,0.573456526
2014,2,10,0.929899395
2014,2,11,1.283184886
2014,2,12,1.032621384
2014,2,13,0.181592256
2014,2,14,-0.924386799
2014,2,15,-0.624828041
2014,2,16,-0.140824348
2014,2,17,-0.682448328
2014,2,18,-0.26427865
2014,2,19,0.537682176
2014,2,20,0.742431819
2014,2,21,0.541558683
2014,2,22,0.319931328
2014,2,23,0.456065923
2014,2,24,0.401772231
2014,2,25,-0.783822715
2014,2,26,-1.204970837
2014,2,27,-1.454547524
2014,2,28,-1.745506644
2014,3,1,-1.462911248
2014,3,2,-1.103307247
2014,3,3,-0.756112039
2014,3,4,-0.027621562
2014,3,5,0.571493208
2014,3,6,1.338330746
2014,3,7,1.602275968
2014,3,8,1.48890543
2014,3,9,1.841651917
2014,3,10,1.576742053
2014,3,11,0.950930953
2014,3,12,1.172883272
2014,3,13,1.676968694
2014,3,14,2.502443552
2014,3,15,2.958422422
2014,3,16,2.465892553
2014,3,17,2.232881308
2014,3,18,2.365696907
2014,3,19,2.622581244
2014,3,20,2.937137842
2014,3,21,3.072064161
2014,3,22,2.578545094
2014,3,23,2.234583855
2014,3,24,1.943935513
2014,3,25,1.025371552
2014,3,26,0.679182291
2014,3,27,-0.553584039
2014,3,28,-0.797190905
2014,3,29,-0.338615984
2014,3,30,-0.479849786
2014,3,31,-1.028460026
2014,4,1,-0.70696938
2014,11,1,0.439234346
2014,11,2,1.202858686
2014,11,3,1.090678811
2014,11,4,1.015001774
2014,11,5,1.120129108
2014,11,6,1.066581726
2014,11,7,0.945803463
2014,11,8,-0.130669862
2014,11,9,-0.549248934
2014,11,10,-1.269736528
2014,11,11,-2.197385073
2014,11,12,-2.609764099
2014,11,13,-2.610644341
2014,11,14,-2.065484047
2014,11,15,-1.59539187
2014,11,16,-1.370342493
2014,11,17,-1.022634983
2014,11,18,-1.648666501
2014,11,19,-1.965332866
2014,11,20,-1.36521709
2014,11,21,-0.952499866
2014,11,22,-0.391110867
2014,11,23,0.605901539
2014,11,24,1.413542151
2014,11,25,1.011576653
2014,11,26,0.379695445
2014,11,27,-0.531070888
2014,11,28,-1.297800064
2014,11,29,-1.191103816
2014,11,30,-0.872940242
2014,12,1,-0.26664865
2014,12,2,0.2659657
2014,12,3,0.131697804
2014,12,4,-1.008541822
2014,12,5,-0.683142006
2014,12,6,0.366708666
2014,12,7,0.043537546
2014,12,8,-0.743244767
2014,12,9,0.224335611
2014,12,10,0.683838129
2014,12,11,0.375058085
2014,12,12,0.485583812
2014,12,13,1.317892313
2014,12,14,0.905465424
2014,12,15,0.758203268
2014,12,16,1.329630017
2014,12,17,1.291545749
2014,12,18,1.026870966
2014,12,19,0.684757411
2014,12,20,1.0465523
2014,12,21,1.887443185
2014,12,22,1.768856287
2014,12,23,0.565257609
2014,12,24,-0.136180341
2014,12,25,-0.297435671
2014,12,26,-0.537346661
2014,12,27,-1.0687778
2014,12,28,-1.28034246
2014,12,29,-0.257008523
2014,12,30,1.150305867
2014,12,31,2.311163425
2015,1,1,2.788399935
2015,1,2,2.765923023
2015,1,3,1.836414933
2015,1,4,0.997221351
2015,1,5,0.774918616
2015,1,6,1.246967435
2015,1,7,2.233437777
2015,1,8,2.754028559
2015,1,9,3.045699835
2015,1,10,2.505816936
2015,1,11,2.091319561
2015,1,12,1.997156143
2015,1,13,1.374952793
2015,1,14,0.661249518
2015,1,15,0.043804277
2015,1,16,0.083207339
2015,1,17,-0.276295364
2015,1,18,0.036700349
2015,1,19,0.204052925
2015,1,20,-1.034873843
2015,1,21,-1.374734521
2015,1,22,-0.367981613
2015,1,23,0.270912379
2015,1,24,0.570140898
2015,1,25,1.046469331
2015,1,26,1.660796046
2015,1,27,2.187874794
2015,1,28,2.024813652
2015,1,29,1.205785751
2015,1,30,0.170208558
2015,1,31,-0.891997278
2015,2,1,-1.305738091
2015,2,2,-1.460170388
2015,2,3,-0.796454966
2015,2,4,-0.681448817
2015,2,5,-0.802129567
2015,2,6,-0.762490869
2015,2,7,0.35707745
2015,2,8,1.343792319
2015,2,9,1.661092639
2015,2,10,1.440731645
2015,2,11,0.789315104
2015,2,12,0.868842125
2015,2,13,0.643067181
2015,2,14,0.670697391
2015,2,15,0.768633306
2015,2,16,-0.092881285
2015,2,17,0.492028683
2015,2,18,2.096544504
2015,2,19,2.349526644
2015,2,20,1.645736814
2015,2,21,1.53527379
2015,2,22,2.488100529
2015,2,23,2.257418871
2015,2,24,1.71377492
2015,2,25,2.114033461
2015,2,26,2.587072134
2015,2,27,2.763123989
2015,2,28,3.467767954
2015,3,1,3.999684811
2015,3,2,3.134343863
2015,3,3,2.176240444
2015,3,4,2.460151434
2015,3,5,3.070705414
2015,3,6,4.187123775
2015,3,7,5.580917358
2015,3,8,5.587739944
2015,3,9,4.951675892
2015,3,10,3.849869728
2015,3,11,2.395868778
2015,3,12,1.657680392
2015,3,13,1.393502951
2015,3,14,1.08469975
2015,3,15,0.573111117
2015,3,16,-0.135671362
2015,3,17,-1.22986877
2015,3,18,-1.437587619
2015,3,19,-1.461927891
2015,3,20,-0.875393331
2015,3,21,0.174047515
2015,3,22,0.709222436
2015,3,23,0.86763382
2015,3,24,1.43450737
2015,3,25,1.694231749
2015,3,26,1.337295294
2015,3,27,1.288552642
2015,3,28,2.253383875
2015,3,29,2.978046179
2015,3,30,2.928055525
2015,3,31,1.824597359
2015,4,1,0.476296306
2015,11,1,3.086299419
2015,11,2,2.838440418
2015,11,3,1.478118777
2015,11,4,0.343700677
2015,11,5,0.181506008
2015,11,6,1.405415297
2015,11,7,2.859170675
2015,11,8,3.33382678
2015,11,9,3.945728779
2015,11,10,3.747837305
2015,11,11,2.699587584
2015,11,12,1.677162766
2015,11,13,1.19805479
2015,11,14,0.801488996
2015,11,15,-0.041710477
2015,11,16,-0.587028503
2015,11,17,-0.182289079
2015,11,18,0.243708938
2015,11,19,0.7198627
2015,11,20,1.737689018
2015,11,21,2.013446093
2015,11,22,2.035135508
2015,11,23,2.40456295
2015,11,24,2.544235706
2015,11,25,2.313898802
2015,11,26,2.682705164
2015,11,27,3.161911964
2015,11,28,3.077284813
2015,11,29,2.662129164
2015,11,30,1.889390826
2015,12,1,1.241635919
2015,12,2,1.091458321
2015,12,3,1.037340522
2015,12,4,1.87297225
2015,12,5,2.420905113
2015,12,6,1.798081398
2015,12,7,0.89321655
2015,12,8,1.183293819
2015,12,9,1.675124884
2015,12,10,1.842982531
2015,12,11,1.16194582
2015,12,12,0.115132198
2015,12,13,-0.806042433
2015,12,14,-1.284847975
2015,12,15,-1.017554998
2015,12,16,-0.476047277
2015,12,17,0.183504552
2015,12,18,0.761892736
2015,12,19,1.308470726
2015,12,20,2.444842339
2015,12,21,3.837322235
2015,12,22,4.502900124
2015,12,23,3.938187599
2015,12,24,2.519202948
2015,12,25,1.991089225
2015,12,26,2.253511429
2015,12,27,1.817835569
2015,12,28,0.939296603
2015,12,29,0.86345613
2015,12,30,1.579062104
2015,12,31,1.4821769
2016,1,1,0.622983932
2016,1,2,-0.984270275
2016,1,3,-1.771576643
2016,1,4,-2.062436342
2016,1,5,-2.39260149
2016,1,6,-2.286902666
2016,1,7,-2.530070305
2016,1,8,-2.95432663
2016,1,9,-3.546096325
2016,1,10,-3.524768591
2016,1,11,-3.530047655
2016,1,12,-3.584658384
2016,1,13,-3.451173067
2016,1,14,-3.544236422
2016,1,15,-4.003692627
2016,1,16,-4.898095608
2016,1,17,-4.554344654
2016,1,18,-3.938302755
2016,1,19,-2.91809392
2016,1,20,-1.756744862
2016,1,21,-1.066222191
2016,1,22,-0.235722601
2016,1,23,-0.084659785
2016,1,24,-0.357899636
2016,1,25,-0.045500226
2016,1,26,1.146400094
2016,1,27,2.390486479
2016,1,28,3.308639765
2016,1,29,3.815145254
2016,1,30,3.042886257
2016,1,31,2.381089687
2016,2,1,1.905180931
2016,2,2,0.897116721
2016,2,3,0.179036796
2016,2,4,0.121993572
2016,2,5,0.655521691
2016,2,6,0.927579045
2016,2,7,1.079090238
2016,2,8,0.536011279
2016,2,9,-0.181729093
2016,2,10,-1.130915999
2016,2,11,-1.527312636
2016,2,12,-1.904995203
2016,2,13,-1.748632312
2016,2,14,-1.749111772
2016,2,15,-0.46536395
2016,2,16,1.597775936
2016,2,17,1.778367758
2016,2,18,1.363042712
2016,2,19,1.502029061
2016,2,20,1.224303126
2016,2,21,0.396691501
2016,2,22,-0.382716566
2016,2,23,-0.768153608
2016,2,24,-0.602986872
2016,2,25,-0.624996066
2016,2,26,-1.358091831
2016,2,27,-1.499415517
2016,2,28,-0.857270658
2016,2,29,-0.278823972
2016,3,1,-0.294495314
2016,3,2,-0.853561461
2016,3,3,-1.590553403
2016,3,4,-2.236176729
2016,3,5,-1.495560408
2016,3,6,-0.777781188
2016,3,7,-0.415579259
2016,3,8,-0.392164826
2016,3,9,-0.51032728
2016,3,10,0.32490024
2016,3,11,0.81572777
2016,3,12,0.783068359
2016,3,13,0.925733089
2016,3,14,0.83282721
2016,3,15,0.322362691
2016,3,16,-0.056608386
2016,3,17,-0.366530746
2016,3,18,-0.634754956
2016,3,19,-0.33747226
2016,3,20,0.043945085
2016,3,21,0.407852203
2016,3,22,0.134968609
2016,3,23,0.585918665
2016,3,24,1.720627785
2016,3,25,2.253110647
2016,3,26,2.013475895
2016,3,27,1.910728335
2016,3,28,1.740269899
2016,3,29,1.351920605
2016,3,30,0.982685804
2016,3,31,1.186774015
2016,11,1,-1.794650674
2016,11,2,-1.948940158
2016,11,3,-2.856539249
2016,11,4,-3.13729167
2016,11,5,-2.533329725
2016,11,6,-1.34335041
2016,11,7,-0.34459427
2016,11,8,0.162740856
2016,11,9,-0.016209776
2016,11,10,-0.579361558
2016,11,11,-0.357593238
2016,11,12,0.524517179
2016,11,13,1.343481779
2016,11,14,2.270376205
2016,11,15,2.847170115
2016,11,16,1.914443493
2016,11,17,0.163171872
2016,11,18,-0.706983745
2016,11,19,-0.633615911
2016,11,20,-1.201773524
2016,11,21,-1.472669244
2016,11,22,-1.188187242
2016,11,23,-1.026655674
2016,11,24,-0.904206693
2016,11,25,-0.802332044
2016,11,26,-0.992441118
2016,11,27,-0.77696085
2016,11,28,-1.051819921
2016,11,29,-0.928303719
2016,11,30,-0.306520373
2016,12,1,-0.192601651
2016,12,2,-0.297237486
2016,12,3,-0.151245862
2016,12,4,-0.131154552
2016,12,5,-0.208943903
2016,12,6,0.030709777
2016,12,7,0.643787861
2016,12,8,1.076576352
2016,12,9,1.346578121
2016,12,10,1.531383991
2016,12,11,1.73992312
2016,12,12,1.688378096
2016,12,13,1.315268755
2016,12,14,1.18239224
2016,12,15,0.970824122
2016,12,16,0.94321537
2016,12,17,1.432155132
2016,12,18,1.718689203
2016,12,19,2.776890278
2016,12,20,4.301455021
2016,12,21,4.741887093
2016,12,22,4.511080742
2016,12,23,3.807233334
2016,12,24,2.77610445
2016,12,25,2.458091259
2016,12,26,2.563786745
2016,12,27,2.584596395
2016,12,28,2.494636297
2016,12,29,2.325854778
2016,12,30,2.42150116
2016,12,31,1.00500834
2017,1,1,-0.183553457
2017,1,2,0.050260361
2017,1,3,0.233723626
2017,1,4,0.258998364
2017,1,5,0.490266949
2017,1,6,0.872299194
2017,1,7,1.218427896
2017,1,8,0.924619079
2017,1,9,1.246553421
2017,1,10,1.758935094
2017,1,11,1.546507716
2017,1,12,0.301974565
2017,1,13,0.062093243
2017,1,14,0.483065665
2017,1,15,0.566567838
2017,1,16,0.054827575
2017,1,17,0.311440498
2017,1,18,1.065516114
2017,1,19,1.756584883
2017,1,20,1.721748948
2017,1,21,0.931505978
2017,1,22,0.321565807
2017,1,23,0.947947979
2017,1,24,1.536133528
2017,1,25,1.460455418
2017,1,26,0.890978873
2017,1,27,0.803961873
2017,1,28,1.286925793
2017,1,29,1.741212726
2017,1,30,1.778550506
2017,1,31,1.719247699
2017,2,1,1.265206695
2017,2,2,0.857839584
2017,2,3,0.464435607
2017,2,4,-0.069525391
2017,2,5,-0.797042847
2017,2,6,-1.096806526
2017,2,7,-1.007436156
2017,2,8,-1.152724147
2017,2,9,-1.768623352
2017,2,10,-1.919215441
2017,2,11,-1.287271976
2017,2,12,-0.800521314
2017,2,13,-1.631607294
2017,2,14,-2.228181601
2017,2,15,-1.452109814
2017,2,16,0.0197438
2017,2,17,1.10008347
2017,2,18,1.338485956
2017,2,19,1.729916692
2017,2,20,1.75482738
2017,2,21,1.424268126
2017,2,22,1.323528528
2017,2,23,0.854017317
2017,2,24,1.679188967
2017,2,25,3.065052748
2017,2,26,2.891462326
2017,2,27,2.285080194
2017,2,28,2.332718372
2017,3,1,2.129853249
2017,3,2,1.553844333
2017,3,3,0.810438335
2017,3,4,0.098941438
2017,3,5,-0.297106206
2017,3,6,-0.438264787
2017,3,7,-0.418685317
2017,3,8,-0.000260637
2017,3,9,-0.039359152
2017,3,10,0.258636206
2017,3,11,1.328930974
2017,3,12,2.055253506
2017,3,13,2.922748089
2017,3,14,3.548436165
2017,3,15,2.81308794
2017,3,16,2.481608152
2017,3,17,2.725899696
2017,3,18,2.696011066
2017,3,19,2.667342901
2017,3,20,2.172065258
2017,3,21,1.57353878
2017,3,22,1.175703764
2017,3,23,1.746223688
2017,3,24,1.82354331
2017,3,25,2.037067413
2017,3,26,1.46770668
2017,3,27,0.403935879
2017,3,28,0.156116754
2017,3,29,0.579659998
2017,3,30,0.576652467
2017,3,31,0.764373064
2017,4,1,1.573301911
2017,11,1,1.847155333
2017,11,2,2.684015274
2017,11,3,2.925697565
2017,11,4,2.174577713
2017,11,5,1.798563957
2017,11,6,1.424349189
2017,11,7,1.269306183
2017,11,8,1.581211567
2017,11,9,1.513016462
2017,11,10,1.310078382
2017,11,11,0.252501547
2017,11,12,-0.076007091
2017,11,13,0.088702686
2017,11,14,0.007436156
2017,11,15,0.049757771
2017,11,16,0.086739749
2017,11,17,-0.654803395
2017,11,18,-1.88958919
2017,11,19,-2.606902599
2017,11,20,-3.260589361
2017,11,21,-3.529168844
2017,11,22,-2.993946791
2017,11,23,-1.425542474
2017,11,24,-0.080029137
2017,11,25,0.341844738
2017,11,26,-0.023605207
2017,11,27,-0.835742354
2017,11,28,-1.494059563
2017,11,29,-1.512182474
2017,11,30,-1.22017765
2017,12,1,-0.713878572
2017,12,2,-0.411613882
2017,12,3,-0.662439704
2017,12,4,-0.829578102
2017,12,5,-1.080101967
2017,12,6,-1.413969278
2017,12,7,-1.428050756
2017,12,8,-1.284234881
2017,12,9,-1.02274859
2017,12,10,-1.479665875
2017,12,11,-1.617886543
2017,12,12,0.111776985
2017,12,13,0.297543347
2017,12,14,-0.957886994
2017,12,15,-0.804455817
2017,12,16,0.338807911
2017,12,17,1.43185699
2017,12,18,2.100600004
2017,12,19,2.584244251
2017,12,20,2.343953848
2017,12,21,1.141798496
2017,12,22,0.450051457
2017,12,23,0.887011528
2017,12,24,0.970926583
2017,12,25,0.78381604
2017,12,26,0.187306002
2017,12,27,0.082108557
2017,12,28,-0.301756144
2017,12,29,-0.601541042
2017,12,30,-0.390090317
2017,12,31,-0.478279263
2018,1,1,-0.341600478
2018,1,2,0.152287573
2018,1,3,-0.275572658
2018,1,4,-1.506369948
2018,1,5,-2.889089584
2018,1,6,-2.113097429
2018,1,7,-0.320271879
2018,1,8,-0.321459234
2018,1,9,-0.687637448
2018,1,10,-0.769058406
2018,1,11,-0.743672013
2018,1,12,-0.280321479
2018,1,13,0.131076962
2018,1,14,1.041158199
2018,1,15,1.880662799
2018,1,16,1.711632609
2018,1,17,0.782118976
2018,1,18,-0.048328623
2018,1,19,-0.82539618
2018,1,20,-1.297449827
2018,1,21,-1.49563539
2018,1,22,-1.203637362
2018,1,23,-0.779753268
2018,1,24,-0.331894398
2018,1,25,-0.030069705
2018,1,26,0.498554349
2018,1,27,0.963109016
2018,1,28,0.976077557
2018,1,29,0.515432775
2018,1,30,0.18950063
2018,1,31,-0.980674267
2018,2,1,-1.721775174
2018,2,2,-0.620642066
2018,2,3,-0.422211289
2018,2,4,0.603459179
2018,2,5,0.910648346
2018,2,6,0.143070862
2018,2,7,1.141284823
2018,2,8,1.338393211
2018,2,9,0.994049549
2018,2,10,1.170550823
2018,2,11,1.461325288
2018,2,12,1.699362516
2018,2,13,1.882162452
2018,2,14,1.815274596
2018,2,15,1.558421373
2018,2,16,0.872378051
2018,2,17,-0.20102407
2018,2,18,-0.630899668
2018,2,19,-0.319918633
2018,2,20,0.051204804
2018,2,21,0.199601188
2018,2,22,0.666206121
2018,2,23,0.309133321
2018,2,24,-0.13265729
2018,2,25,-1.298299909
2018,2,26,-2.126233578
2018,2,27,-2.728447437
2018,2,28,-3.573113918
2018,3,1,-4.19658041
2018,3,2,-4.425521851
2018,3,3,-4.106531143
2018,3,4,-3.441185474
2018,3,5,-2.883306503
2018,3,6,-2.467336416
2018,3,7,-1.892151356
2018,3,8,-1.632516861
2018,3,9,-1.672160149
2018,3,10,-1.98848021
2018,3,11,-1.962640405
2018,3,12,-1.588272572
2018,3,13,-1.385314703
2018,3,14,-1.271418571
2018,3,15,-1.53230834
2018,3,16,-1.955166936
2018,3,17,-2.029942751
2018,3,18,-1.377342105
2018,3,19,-0.251862437
2018,3,20,0.744471252
2018,3,21,1.491736412
2018,3,22,1.522060156
2018,3,23,1.233741403
2018,3,24,0.849545121
2018,3,25,0.559640884
2018,3,26,1.138738275
2018,3,27,1.743103266
2018,3,28,1.530043125
2018,3,29,0.213871509
2018,3,30,-0.04497524
2018,3,31,-0.237076446
2018,4,1,-1.021489501
2018,11,1,-1.468794346
2018,11,2,-1.121969461
2018,11,3,0.227295697
2018,11,4,0.725485861
2018,11,5,0.751856148
2018,11,6,0.153517544
2018,11,7,-0.233017117
2018,11,8,-0.049608506
2018,11,9,0.281979561
2018,11,10,-0.206677437
2018,11,11,-1.246924639
2018,11,12,-1.06731987
2018,11,13,-0.227560416
2018,11,14,0.270277023
2018,11,15,0.086501777
2018,11,16,-0.88169688
2018,11,17,-1.546923518
2018,11,18,-1.368740678
2018,11,19,-1.380730033
2018,11,20,-1.513461232
2018,11,21,-1.765223026
2018,11,22,-1.894034624
2018,11,23,-2.205614328
2018,11,24,-2.82468152
2018,11,25,-3.451777697
2018,11,26,-3.628616333
2018,11,27,-3.071572065
2018,11,28,-1.945209861
2018,11,29,-0.982164741
2018,11,30,-0.713668764
2018,12,1,-1.171729803
2018,12,2,-1.046544671
2018,12,3,-0.896217465
2018,12,4,-0.677893519
2018,12,5,0.075040132
2018,12,6,1.160752296
2018,12,7,1.253880024
2018,12,8,0.926023781
2018,12,9,0.242063269
2018,12,10,0.463681579
2018,12,11,1.521968961
2018,12,12,1.948511958
2018,12,13,1.465374708
2018,12,14,1.011401296
2018,12,15,0.641039908
2018,12,16,-0.203015193
2018,12,17,-0.459331095
2018,12,18,-0.494089246
2018,12,19,-0.625015676
2018,12,20,-1.062494993
2018,12,21,-1.200701952
2018,12,22,-1.189916849
2018,12,23,-0.352102101
2018,12,24,0.079367831
2018,12,25,0.015988965
2018,12,26,0.216679797
2018,12,27,0.574627638
2018,12,28,0.361129284
2018,12,29,0.434213281
2018,12,30,0.125288293
2018,12,31,0.139494807
2019,1,1,0.367616355
2019,1,2,0.597405434
2019,1,3,0.795482516
2019,1,4,0.652089477
2019,1,5,-0.143902376
2019,1,6,-0.650161088
2019,1,7,-0.112630539
2019,1,8,-0.547134399
2019,1,9,-1.297009587
2019,1,10,-2.11239934
2019,1,11,-2.052049398
2019,1,12,-1.111984372
2019,1,13,-0.617332458
2019,1,14,-0.367153168
2019,1,15,-0.165632695
2019,1,16,-0.264954269
2019,1,17,-0.00026324
2019,1,18,0.374629587
2019,1,19,0.382122755
2019,1,20,0.105647132
2019,1,21,-0.210568026
2019,1,22,-0.860443771
2019,1,23,-1.626258254
2019,1,24,-2.09967947
2019,1,25,-2.014977455
2019,1,26,-1.089518785
2019,1,27,-0.218156755
2019,1,28,-0.834691286
2019,1,29,-1.548026085
2019,1,30,-1.698141575
2019,1,31,-2.95782876
2019,2,1,-3.31505394
2019,2,2,-2.433479071
2019,2,3,-1.772318721
2019,2,4,-1.428846836
2019,2,5,-1.091478467
2019,2,6,-0.812830865
2019,2,7,-0.441602677
2019,2,8,0.351345748
2019,2,9,1.48263514
2019,2,10,2.125864744
2019,2,11,2.17422843
2019,2,12,2.864006758
2019,2,13,3.002990723
2019,2,14,2.196769238
2019,2,15,1.860449791
2019,2,16,1.708193302
2019,2,17,1.585851073
2019,2,18,2.740335703
2019,2,19,3.354353428
2019,2,20,2.771827459
2019,2,21,2.265759706
2019,2,22,1.779248476
2019,2,23,1.695184946
2019,2,24,1.519238353
2019,2,25,1.705102563
2019,2,26,1.883988261
2019,2,27,1.536561966
2019,2,28,1.729759216
2019,3,1,1.827059507
2019,3,2,2.299891949
2019,3,3,2.382217169
2019,3,4,2.28814888
2019,3,5,1.847963214
2019,3,6,1.697044373
2019,3,7,1.82462883
2019,3,8,2.335678101
2019,3,9,2.497874498
2019,3,10,2.444893599
2019,3,11,2.678789616
2019,3,12,2.749498129
2019,3,13,2.380486012
2019,3,14,1.71551764
2019,3,15,1.090211511
2019,3,16,0.489309132
2019,3,17,0.624343216
2019,3,18,1.237983465
2019,3,19,2.02997756
2019,3,20,2.297911644
2019,3,21,1.964589
2019,3,22,2.057758808
2019,3,23,1.777107358
2019,3,24,1.32081008
2019,3,25,1.643195033
2019,3,26,2.216626406
2019,3,27,2.660965443
2019,3,28,3.120426416
2019,3,29,3.149036646
2019,3,30,2.897309303
2019,3,31,2.328975201
2019,4,1,1.214741707
